,tmpstamp,pos,neg
0,2018-03-11,0.193,0.093
1,2018-03-10,0.056,0.206
2,2018-03-09,0.117,0.128
3,2018-03-08,0.119,0.099
4,2018-03-07,0.077,0.065
5,2018-03-06,0.073,0.037
6,2018-03-05,0.046,0.062
7,2018-03-04,0.084,0.073
8,2018-03-03,0.13,0.021
9,2018-03-02,0.087,0.049
10,2018-03-01,0.119,0.063
11,2018-02-28,0.0,0.123
12,2018-02-27,0.1,0.041
13,2018-02-26,0.16,0.057
14,2018-02-25,0.239,0.083
15,2018-02-24,0.08,0.176
16,2018-02-23,0.055,0.065
17,2018-02-22,0.055,0.065
18,2018-02-21,0.055,0.065
19,2018-02-20,0.055,0.065
20,2018-02-19,0.055,0.065
21,2018-02-18,0.055,0.065
22,2018-02-17,0.055,0.065
23,2018-02-16,0.055,0.065
24,2018-02-15,0.055,0.065
25,2018-02-14,0.055,0.065
26,2018-02-13,0.055,0.065
27,2018-02-12,0.055,0.065
28,2018-02-11,0.089,0.146
29,2018-02-10,0.087,0.022
30,2018-02-09,0.092,0.037
31,2018-02-08,0.132,0.027
32,2018-02-07,0.172,0.062
33,2018-02-06,0.082,0.103
34,2018-02-05,0.046,0.065
35,2018-02-04,0.155,0.047
36,2018-02-03,0.194,0.065
37,2018-02-02,0.055,0.079
38,2018-02-01,0.078,0.034
39,2018-01-31,0.171,0.082
40,2018-01-30,0.063,0.124
41,2018-01-29,0.117,0.066
42,2018-01-28,0.132,0.05
43,2018-01-27,0.176,0.087
44,2018-01-26,0.092,0.069
45,2018-01-25,0.057,0.031
46,2018-01-24,0.249,0.0
47,2018-01-23,0.133,0.0
48,2018-01-22,0.062,0.132
49,2018-01-21,0.179,0.072
50,2018-01-20,0.095,0.05
51,2018-01-19,0.05,0.099
52,2018-01-18,0.081,0.058
53,2018-01-17,0.088,0.053
54,2018-01-16,0.157,0.058
55,2018-01-15,0.122,0.053
56,2018-01-14,0.137,0.066
57,2018-01-13,0.102,0.119
58,2018-01-12,0.133,0.132
59,2018-01-11,0.109,0.118
60,2018-01-10,0.0,0.14
61,2018-01-09,0.191,0.09
62,2018-01-08,0.072,0.124
63,2018-01-07,0.117,0.137
64,2018-01-06,0.105,0.073
65,2018-01-05,0.038,0.114
66,2018-01-04,0.038,0.114
67,2018-01-03,0.117,0.046
68,2018-01-02,0.122,0.075
69,2018-01-01,0.154,0.075
70,2017-12-31,0.115,0.129
71,2017-12-30,0.082,0.056
72,2017-12-29,0.118,0.076
73,2017-12-28,0.128,0.06
74,2017-12-27,0.092,0.021
75,2017-12-26,0.104,0.123
76,2017-12-25,0.208,0.038
77,2017-12-24,0.105,0.014
78,2017-12-23,0.126,0.069
79,2017-12-22,0.083,0.092
80,2017-12-21,0.064,0.084
81,2017-12-20,0.084,0.009
82,2017-12-19,0.104,0.169
83,2017-12-18,0.086,0.03
84,2017-12-17,0.136,0.023
85,2017-12-16,0.179,0.024
86,2017-12-15,0.073,0.118
87,2017-12-14,0.106,0.049
88,2017-12-13,0.09,0.026
89,2017-12-12,0.072,0.055
90,2017-12-11,0.059,0.124
91,2017-12-10,0.098,0.018
92,2017-12-09,0.116,0.093
93,2017-12-08,0.084,0.137
94,2017-12-07,0.147,0.082
95,2017-12-06,0.113,0.04
96,2017-12-05,0.066,0.102
97,2017-12-04,0.029,0.093
98,2017-12-03,0.05,0.034
99,2017-12-02,0.114,0.018
100,2017-12-01,0.047,0.084
101,2017-11-30,0.17,0.059
102,2017-11-29,0.127,0.09
103,2017-11-28,0.22,0.031
104,2017-11-27,0.074,0.039
105,2017-11-26,0.152,0.089
106,2017-11-25,0.192,0.0
107,2017-11-24,0.096,0.138
108,2017-11-23,0.09,0.064
109,2017-11-22,0.063,0.095
110,2017-11-21,0.05,0.07
111,2017-11-20,0.139,0.081
112,2017-11-19,0.105,0.059
113,2017-11-18,0.129,0.076
114,2017-11-17,0.08,0.119
115,2017-11-16,0.174,0.073
116,2017-11-15,0.151,0.104
117,2017-11-14,0.07,0.061
118,2017-11-13,0.086,0.123
119,2017-11-12,0.164,0.036
120,2017-11-11,0.091,0.11
121,2017-11-10,0.071,0.086
122,2017-11-09,0.115,0.061
123,2017-11-08,0.086,0.11
124,2017-11-07,0.092,0.044
125,2017-11-06,0.136,0.076
126,2017-11-05,0.091,0.064
127,2017-11-04,0.147,0.015
128,2017-11-03,0.123,0.082
129,2017-11-02,0.214,0.07
130,2017-11-01,0.064,0.042
131,2017-10-31,0.029,0.095
132,2017-10-30,0.053,0.119
133,2017-10-29,0.196,0.103
134,2017-10-28,0.196,0.103
135,2017-10-27,0.138,0.116
136,2017-10-26,0.134,0.05
137,2017-10-25,0.039,0.126
138,2017-10-24,0.088,0.127
139,2017-10-23,0.126,0.053
140,2017-10-22,0.075,0.123
141,2017-10-21,0.113,0.102
142,2017-10-20,0.135,0.118
143,2017-10-19,0.137,0.12
144,2017-10-18,0.094,0.13
145,2017-10-17,0.104,0.087
146,2017-10-16,0.168,0.05
147,2017-10-15,0.112,0.063
148,2017-10-14,0.109,0.084
149,2017-10-13,0.088,0.065
150,2017-10-12,0.067,0.098
151,2017-10-11,0.149,0.054
152,2017-10-10,0.089,0.14
153,2017-10-09,0.107,0.125
154,2017-10-08,0.136,0.061
155,2017-10-07,0.078,0.157
156,2017-10-06,0.144,0.031
157,2017-10-05,0.136,0.073
158,2017-10-04,0.105,0.088
159,2017-10-03,0.088,0.07
160,2017-10-02,0.087,0.048
161,2017-10-01,0.131,0.035
162,2017-09-30,0.023,0.059
163,2017-09-29,0.127,0.114
164,2017-09-28,0.139,0.012
165,2017-09-27,0.112,0.036
166,2017-09-26,0.072,0.078
167,2017-09-25,0.072,0.078
168,2017-09-24,0.148,0.046
169,2017-09-23,0.114,0.095
170,2017-09-22,0.094,0.0
171,2017-09-21,0.109,0.025
172,2017-09-20,0.066,0.018
173,2017-09-19,0.066,0.018
174,2017-09-18,0.146,0.085
175,2017-09-17,0.15,0.035
176,2017-09-16,0.153,0.11
177,2017-09-15,0.188,0.084
178,2017-09-14,0.064,0.076
179,2017-09-13,0.08,0.096
180,2017-09-12,0.062,0.08
181,2017-09-11,0.155,0.044
182,2017-09-10,0.152,0.02
183,2017-09-09,0.11,0.036
184,2017-09-08,0.088,0.098
185,2017-09-07,0.137,0.154
186,2017-09-06,0.107,0.08
187,2017-09-05,0.098,0.106
188,2017-09-04,0.252,0.0
189,2017-09-03,0.148,0.023
190,2017-09-02,0.1,0.053
191,2017-09-01,0.104,0.011
192,2017-08-31,0.176,0.009
193,2017-08-30,0.148,0.071
194,2017-08-29,0.221,0.0
195,2017-08-28,0.107,0.119
196,2017-08-27,0.107,0.119
197,2017-08-26,0.142,0.075
198,2017-08-25,0.158,0.056
199,2017-08-24,0.142,0.105
200,2017-08-23,0.15,0.092
201,2017-08-22,0.153,0.084
202,2017-08-21,0.193,0.048
203,2017-08-20,0.1,0.188
204,2017-08-19,0.134,0.097
205,2017-08-18,0.206,0.097
206,2017-08-17,0.043,0.024
207,2017-08-16,0.148,0.029
208,2017-08-15,0.039,0.062
209,2017-08-14,0.094,0.067
210,2017-08-13,0.139,0.066
211,2017-08-12,0.156,0.061
212,2017-08-11,0.222,0.0
213,2017-08-10,0.09,0.041
214,2017-08-09,0.131,0.0
215,2017-08-08,0.141,0.082
216,2017-08-07,0.096,0.051
217,2017-08-06,0.124,0.036
218,2017-08-05,0.115,0.015
219,2017-08-04,0.035,0.13
220,2017-08-03,0.088,0.02
221,2017-08-02,0.138,0.047
222,2017-08-01,0.103,0.065
223,2017-07-31,0.094,0.028
224,2017-07-30,0.022,0.137
225,2017-07-29,0.022,0.137
226,2017-07-28,0.121,0.104
227,2017-07-27,0.121,0.052
228,2017-07-26,0.119,0.0
229,2017-07-25,0.105,0.123
230,2017-07-24,0.082,0.115
231,2017-07-23,0.211,0.038
232,2017-07-22,0.098,0.044
233,2017-07-21,0.106,0.089
234,2017-07-20,0.119,0.065
235,2017-07-19,0.077,0.049
236,2017-07-18,0.198,0.096
237,2017-07-17,0.04,0.113
238,2017-07-16,0.117,0.048
239,2017-07-15,0.1,0.049
240,2017-07-14,0.17,0.116
241,2017-07-13,0.196,0.0
242,2017-07-12,0.044,0.197
243,2017-07-11,0.209,0.061
244,2017-07-10,0.105,0.01
245,2017-07-09,0.112,0.04
246,2017-07-08,0.112,0.04
247,2017-07-07,0.089,0.214
248,2017-07-06,0.129,0.045
249,2017-07-05,0.136,0.072
250,2017-07-04,0.14,0.076
251,2017-07-03,0.079,0.113
252,2017-07-02,0.081,0.164
253,2017-07-01,0.168,0.047
254,2017-06-30,0.142,0.089
255,2017-06-29,0.041,0.022
256,2017-06-28,0.151,0.095
257,2017-06-27,0.11,0.09
258,2017-06-26,0.11,0.096
259,2017-06-25,0.103,0.06
260,2017-06-24,0.112,0.013
261,2017-06-23,0.089,0.044
262,2017-06-22,0.097,0.053
263,2017-06-21,0.112,0.104
264,2017-06-20,0.111,0.058
265,2017-06-19,0.093,0.079
266,2017-06-18,0.065,0.046
267,2017-06-17,0.189,0.021
268,2017-06-16,0.136,0.073
269,2017-06-15,0.136,0.073
270,2017-06-14,0.171,0.052
271,2017-06-13,0.109,0.103
272,2017-06-12,0.026,0.134
273,2017-06-11,0.108,0.016
274,2017-06-10,0.141,0.047
275,2017-06-09,0.107,0.043
276,2017-06-08,0.139,0.057
277,2017-06-07,0.147,0.076
278,2017-06-06,0.197,0.066
279,2017-06-05,0.177,0.044
280,2017-06-04,0.142,0.035
281,2017-06-03,0.084,0.053
282,2017-06-02,0.138,0.024
283,2017-06-01,0.157,0.054
284,2017-05-31,0.109,0.039
285,2017-05-30,0.053,0.069
286,2017-05-29,0.111,0.038
287,2017-05-28,0.111,0.038
288,2017-05-27,0.091,0.056
289,2017-05-26,0.083,0.102
290,2017-05-25,0.13,0.039
291,2017-05-24,0.157,0.046
292,2017-05-23,0.023,0.137
293,2017-05-22,0.13,0.102
294,2017-05-21,0.128,0.054
295,2017-05-20,0.089,0.056
296,2017-05-19,0.072,0.037
297,2017-05-18,0.135,0.05
298,2017-05-17,0.13,0.114
299,2017-05-16,0.169,0.025
300,2017-05-15,0.031,0.049
301,2017-05-14,0.107,0.167
302,2017-05-13,0.107,0.167
303,2017-05-12,0.043,0.064
304,2017-05-11,0.152,0.0
305,2017-05-10,0.144,0.013
306,2017-05-09,0.116,0.109
307,2017-05-08,0.088,0.048
308,2017-05-07,0.19,0.033
309,2017-05-06,0.071,0.125
310,2017-05-05,0.129,0.049
311,2017-05-04,0.137,0.07
312,2017-05-03,0.172,0.0
313,2017-05-02,0.118,0.107
314,2017-05-01,0.043,0.065
315,2017-04-30,0.092,0.048
316,2017-04-29,0.065,0.072
317,2017-04-28,0.115,0.153
318,2017-04-27,0.039,0.073
319,2017-04-26,0.095,0.082
320,2017-04-25,0.111,0.081
321,2017-04-24,0.128,0.072
322,2017-04-23,0.176,0.037
323,2017-04-22,0.189,0.023
324,2017-04-21,0.122,0.042
325,2017-04-20,0.098,0.112
326,2017-04-19,0.063,0.172
327,2017-04-18,0.062,0.175
328,2017-04-17,0.04,0.053
329,2017-04-16,0.124,0.046
330,2017-04-15,0.129,0.068
331,2017-04-14,0.158,0.122
332,2017-04-13,0.135,0.109
333,2017-04-12,0.117,0.054
334,2017-04-11,0.112,0.066
335,2017-04-10,0.105,0.039
336,2017-04-09,0.117,0.109
337,2017-04-08,0.087,0.119
338,2017-04-07,0.094,0.059
339,2017-04-06,0.101,0.074
340,2017-04-05,0.067,0.038
341,2017-04-04,0.089,0.052
342,2017-04-03,0.132,0.103
343,2017-04-02,0.052,0.099
344,2017-04-01,0.116,0.053
345,2017-03-31,0.136,0.03
346,2017-03-30,0.073,0.093
347,2017-03-29,0.204,0.037
348,2017-03-28,0.123,0.024
349,2017-03-27,0.092,0.164
350,2017-03-26,0.083,0.178
351,2017-03-25,0.103,0.072
352,2017-03-24,0.077,0.191
353,2017-03-23,0.139,0.05
354,2017-03-22,0.067,0.154
355,2017-03-21,0.103,0.018
356,2017-03-20,0.074,0.047
357,2017-03-19,0.113,0.06
358,2017-03-18,0.152,0.056
359,2017-03-17,0.095,0.105
360,2017-03-16,0.108,0.121
361,2017-03-15,0.129,0.115
362,2017-03-14,0.078,0.111
363,2017-03-13,0.05,0.111
364,2017-03-12,0.063,0.082
365,2017-03-11,0.2,0.065
366,2017-03-10,0.104,0.053
367,2017-03-09,0.049,0.067
368,2017-03-08,0.092,0.0
369,2017-03-07,0.106,0.028
370,2017-03-06,0.263,0.032
371,2017-03-05,0.092,0.03
372,2017-03-04,0.101,0.0
373,2017-03-03,0.07,0.024
374,2017-03-02,0.121,0.089
375,2017-03-01,0.085,0.118
376,2017-02-28,0.049,0.049
377,2017-02-27,0.146,0.079
378,2017-02-26,0.135,0.022
379,2017-02-25,0.095,0.061
380,2017-02-24,0.037,0.091
381,2017-02-23,0.073,0.082
382,2017-02-22,0.122,0.033
383,2017-02-21,0.078,0.063
384,2017-02-20,0.084,0.048
385,2017-02-19,0.113,0.045
386,2017-02-18,0.097,0.102
387,2017-02-17,0.107,0.08
388,2017-02-16,0.119,0.034
389,2017-02-15,0.107,0.016
390,2017-02-14,0.202,0.0
391,2017-02-13,0.2,0.091
392,2017-02-12,0.082,0.0
393,2017-02-11,0.123,0.042
394,2017-02-10,0.099,0.061
395,2017-02-09,0.104,0.078
396,2017-02-08,0.146,0.104
397,2017-02-07,0.159,0.014
398,2017-02-06,0.167,0.087
399,2017-02-05,0.11,0.086
400,2017-02-04,0.189,0.016
401,2017-02-03,0.13,0.078
402,2017-02-02,0.0,0.0
403,2017-02-01,0.0,0.0
404,2017-01-31,0.051,0.0
405,2017-01-30,0.14,0.077
406,2017-01-29,0.143,0.046
407,2017-01-28,0.176,0.025
408,2017-01-27,0.184,0.008
409,2017-01-26,0.161,0.078
410,2017-01-25,0.069,0.1
411,2017-01-24,0.122,0.094
412,2017-01-23,0.12,0.117
413,2017-01-22,0.11,0.05
414,2017-01-21,0.176,0.072
415,2017-01-20,0.144,0.055
416,2017-01-19,0.187,0.057
417,2017-01-18,0.165,0.08
418,2017-01-17,0.11,0.053
419,2017-01-16,0.079,0.054
420,2017-01-15,0.158,0.05
421,2017-01-14,0.094,0.077
422,2017-01-13,0.097,0.134
423,2017-01-12,0.125,0.069
424,2017-01-11,0.127,0.116
425,2017-01-10,0.025,0.077
426,2017-01-09,0.076,0.044
427,2017-01-08,0.086,0.022
428,2017-01-07,0.077,0.07
429,2017-01-06,0.065,0.106
430,2017-01-05,0.112,0.046
431,2017-01-04,0.112,0.046
432,2017-01-03,0.112,0.046
433,2017-01-02,0.168,0.049
434,2017-01-01,0.168,0.049
435,2016-12-31,0.168,0.049
436,2016-12-30,0.094,0.02
437,2016-12-29,0.094,0.02
438,2016-12-28,0.094,0.02
439,2016-12-27,0.094,0.02
440,2016-12-26,0.059,0.064
441,2016-12-25,0.059,0.064
442,2016-12-24,0.059,0.064
443,2016-12-23,0.125,0.069
444,2016-12-22,0.125,0.069
445,2016-12-21,0.125,0.069
446,2016-12-20,0.1,0.0
447,2016-12-19,0.1,0.0
448,2016-12-18,0.1,0.0
449,2016-12-17,0.1,0.0
450,2016-12-16,0.1,0.0
451,2016-12-15,0.14,0.13
452,2016-12-14,0.14,0.13
453,2016-12-13,0.14,0.13
454,2016-12-12,0.14,0.13
455,2016-12-11,0.14,0.13
456,2016-12-10,0.14,0.13
457,2016-12-09,0.14,0.13
458,2016-12-08,0.07,0.094
459,2016-12-07,0.07,0.094
460,2016-12-06,0.07,0.094
461,2016-12-05,0.07,0.094
462,2016-12-04,0.07,0.094
463,2016-12-03,0.07,0.094
464,2016-12-02,0.07,0.094
465,2016-12-01,0.136,0.062
466,2016-11-30,0.136,0.062
467,2016-11-29,0.136,0.062
468,2016-11-28,0.136,0.062
469,2016-11-27,0.136,0.062
470,2016-11-26,0.136,0.062
471,2016-11-25,0.128,0.049
472,2016-11-24,0.128,0.049
473,2016-11-23,0.128,0.049
474,2016-11-22,0.128,0.049
475,2016-11-21,0.128,0.049
476,2016-11-20,0.128,0.049
477,2016-11-19,0.184,0.02
478,2016-11-18,0.184,0.02
479,2016-11-17,0.184,0.02
480,2016-11-16,0.184,0.02
481,2016-11-15,0.184,0.02
482,2016-11-14,0.184,0.02
483,2016-11-13,0.075,0.0
484,2016-11-12,0.075,0.0
485,2016-11-11,0.075,0.0
486,2016-11-10,0.075,0.0
487,2016-11-09,0.109,0.066
488,2016-11-08,0.109,0.066
489,2016-11-07,0.109,0.066
490,2016-11-06,0.109,0.066
491,2016-11-05,0.109,0.066
492,2016-11-04,0.109,0.066
493,2016-11-03,0.1,0.021
494,2016-11-02,0.1,0.021
495,2016-11-01,0.1,0.021
496,2016-10-31,0.1,0.021
497,2016-10-30,0.114,0.039
498,2016-10-29,0.114,0.039
499,2016-10-28,0.114,0.039
500,2016-10-27,0.088,0.131
501,2016-10-26,0.088,0.131
502,2016-10-25,0.133,0.086
503,2016-10-24,0.127,0.022
504,2016-10-23,0.127,0.022
505,2016-10-22,0.127,0.022
506,2016-10-21,0.127,0.022
507,2016-10-20,0.126,0.038
508,2016-10-19,0.126,0.038
509,2016-10-18,0.126,0.038
510,2016-10-17,0.126,0.038
511,2016-10-16,0.135,0.116
512,2016-10-15,0.135,0.116
513,2016-10-14,0.103,0.032
514,2016-10-13,0.103,0.032
515,2016-10-12,0.103,0.032
516,2016-10-11,0.103,0.032
517,2016-10-10,0.115,0.07
518,2016-10-09,0.115,0.07
519,2016-10-08,0.115,0.07
520,2016-10-07,0.115,0.07
521,2016-10-06,0.171,0.0
522,2016-10-05,0.171,0.0
523,2016-10-04,0.171,0.0
524,2016-10-03,0.171,0.0
525,2016-10-02,0.169,0.0
526,2016-10-01,0.169,0.0
527,2016-09-30,0.169,0.0
528,2016-09-29,0.169,0.0
529,2016-09-28,0.169,0.0
530,2016-09-27,0.169,0.0
531,2016-09-26,0.132,0.043
532,2016-09-25,0.132,0.043
533,2016-09-24,0.132,0.043
534,2016-09-23,0.132,0.043
535,2016-09-22,0.132,0.043
536,2016-09-21,0.132,0.043
537,2016-09-20,0.132,0.043
538,2016-09-19,0.132,0.043
539,2016-09-18,0.051,0.0
540,2016-09-17,0.051,0.0
541,2016-09-16,0.051,0.0
542,2016-09-15,0.051,0.0
543,2016-09-14,0.051,0.0
544,2016-09-13,0.038,0.0
545,2016-09-12,0.038,0.0
546,2016-09-11,0.038,0.0
547,2016-09-10,0.038,0.0
548,2016-09-09,0.038,0.0
549,2016-09-08,0.038,0.0
550,2016-09-07,0.038,0.0
551,2016-09-06,0.038,0.0
552,2016-09-05,0.038,0.0
553,2016-09-04,0.038,0.0
554,2016-09-03,0.05,0.103
555,2016-09-02,0.05,0.103
556,2016-09-01,0.05,0.103
557,2016-08-31,0.05,0.103
558,2016-08-30,0.05,0.103
559,2016-08-29,0.05,0.103
560,2016-08-28,0.05,0.103
561,2016-08-27,0.05,0.103
562,2016-08-26,0.05,0.103
563,2016-08-25,0.05,0.103
564,2016-08-24,0.05,0.103
565,2016-08-23,0.05,0.103
566,2016-08-22,0.05,0.103
567,2016-08-21,0.05,0.103
568,2016-08-20,0.05,0.103
569,2016-08-19,0.05,0.103
570,2016-08-18,0.125,0.072
571,2016-08-17,0.125,0.072
572,2016-08-16,0.125,0.072
573,2016-08-15,0.125,0.072
574,2016-08-14,0.125,0.072
575,2016-08-13,0.125,0.072
576,2016-08-12,0.125,0.072
577,2016-08-11,0.125,0.072
578,2016-08-10,0.125,0.072
579,2016-08-09,0.125,0.072
580,2016-08-08,0.125,0.072
581,2016-08-07,0.125,0.072
582,2016-08-06,0.086,0.064
583,2016-08-05,0.086,0.064
584,2016-08-04,0.086,0.064
585,2016-08-03,0.086,0.064
586,2016-08-02,0.083,0.067
587,2016-08-01,0.064,0.028
588,2016-07-31,0.188,0.056
589,2016-07-30,0.188,0.056
590,2016-07-29,0.096,0.148
591,2016-07-28,0.096,0.148
592,2016-07-27,0.141,0.17
593,2016-07-26,0.141,0.17
594,2016-07-25,0.06,0.03
595,2016-07-24,0.06,0.03
596,2016-07-23,0.133,0.074
597,2016-07-22,0.133,0.074
598,2016-07-21,0.133,0.074
599,2016-07-20,0.133,0.074
600,2016-07-19,0.133,0.074
601,2016-07-18,0.061,0.118
602,2016-07-17,0.061,0.118
603,2016-07-16,0.061,0.118
604,2016-07-15,0.071,0.154
605,2016-07-14,0.071,0.154
606,2016-07-13,0.071,0.154
607,2016-07-12,0.136,0.11
608,2016-07-11,0.136,0.11
609,2016-07-10,0.136,0.11
610,2016-07-09,0.136,0.11
611,2016-07-08,0.054,0.106
612,2016-07-07,0.054,0.106
613,2016-07-06,0.054,0.106
614,2016-07-05,0.071,0.143
615,2016-07-04,0.098,0.084
616,2016-07-03,0.085,0.077
617,2016-07-02,0.091,0.108
618,2016-07-01,0.091,0.108
619,2016-06-30,0.102,0.061
620,2016-06-29,0.102,0.061
621,2016-06-28,0.102,0.061
622,2016-06-27,0.102,0.044
623,2016-06-26,0.11,0.052
624,2016-06-25,0.11,0.052
625,2016-06-24,0.083,0.035
626,2016-06-23,0.083,0.035
627,2016-06-22,0.121,0.053
628,2016-06-21,0.134,0.039
629,2016-06-20,0.102,0.059
630,2016-06-19,0.102,0.059
631,2016-06-18,0.146,0.105
632,2016-06-17,0.127,0.087
633,2016-06-16,0.127,0.087
634,2016-06-15,0.063,0.122
635,2016-06-14,0.063,0.122
636,2016-06-13,0.063,0.122
637,2016-06-12,0.146,0.074
638,2016-06-11,0.146,0.074
639,2016-06-10,0.146,0.074
640,2016-06-09,0.146,0.074
641,2016-06-08,0.146,0.074
642,2016-06-07,0.115,0.03
643,2016-06-06,0.115,0.03
644,2016-06-05,0.115,0.03
645,2016-06-04,0.115,0.03
646,2016-06-03,0.06,0.044
647,2016-06-02,0.06,0.044
648,2016-06-01,0.06,0.044
649,2016-05-31,0.06,0.044
650,2016-05-30,0.096,0.004
651,2016-05-29,0.096,0.004
652,2016-05-28,0.096,0.004
653,2016-05-27,0.096,0.004
654,2016-05-26,0.139,0.015
655,2016-05-25,0.127,0.015
656,2016-05-24,0.127,0.015
657,2016-05-23,0.127,0.015
658,2016-05-22,0.087,0.08
659,2016-05-21,0.087,0.08
660,2016-05-20,0.087,0.08
661,2016-05-19,0.08,0.045
662,2016-05-18,0.08,0.045
663,2016-05-17,0.08,0.045
664,2016-05-16,0.16,0.081
665,2016-05-15,0.16,0.081
666,2016-05-14,0.16,0.081
667,2016-05-13,0.16,0.081
668,2016-05-12,0.129,0.046
669,2016-05-11,0.067,0.036
670,2016-05-10,0.067,0.036
671,2016-05-09,0.067,0.036
672,2016-05-08,0.067,0.036
673,2016-05-07,0.067,0.036
674,2016-05-06,0.111,0.076
675,2016-05-05,0.111,0.076
676,2016-05-04,0.111,0.076
677,2016-05-03,0.111,0.076
678,2016-05-02,0.077,0.108
679,2016-05-01,0.039,0.053
680,2016-04-30,0.039,0.053
681,2016-04-29,0.039,0.053
682,2016-04-28,0.096,0.067
683,2016-04-27,0.096,0.067
684,2016-04-26,0.096,0.067
685,2016-04-25,0.096,0.067
686,2016-04-24,0.096,0.067
687,2016-04-23,0.096,0.067
688,2016-04-22,0.119,0.038
689,2016-04-21,0.119,0.038
690,2016-04-20,0.119,0.038
691,2016-04-19,0.123,0.038
692,2016-04-18,0.153,0.069
693,2016-04-17,0.185,0.044
694,2016-04-16,0.185,0.044
695,2016-04-15,0.185,0.044
696,2016-04-14,0.083,0.097
697,2016-04-13,0.083,0.097
698,2016-04-12,0.083,0.097
699,2016-04-11,0.083,0.097
