Revenue,Mou,Overage,Roam,Changem,Months,Uniqsubs,Actvsubs,Eqpdays,Customer,Creditde,Refurb,Setprcm,Retcall,Churn
38,7.5,0,0,-1.5,60,1,1,1812,1000004,0,0,1,0,0
37.99,71,0,0,146,53,1,1,1597,1000060,0,0,1,0,0
90.25,951.5,161,0,308.5,54,1,1,1475,1000103,0,0,0,0,1
90.6125,1151.25,21.5,0,224.75,54,4,2,1599,1000107,0,0,0,0,1
30,17.5,0,0,-12.5,55,1,1,1669,1000161,0,0,1,0,1
117.12,489.5,140.5,0,506.5,51,6,2,279,1000183,0,0,0,1,1
44.96,3584.25,1094.25,0,-1037.25,51,2,1,489,1000203,0,0,0,0,1
111.6975,143.25,0,0,-36.25,53,2,2,1592,1000214,0,0,1,0,1
29.99,46.5,0,0,20.5,52,1,1,1441,1000294,0,0,0,1,1
10,0,0,0,0,54,1,1,1636,1000298,0,0,1,1,1
60.3425,392.25,74.5,0,-91.25,48,1,1,1179,1000404,0,1,0,0,1
30.485,47.25,0,0,-7.25,52,7,4,1554,1000429,0,0,1,0,1
43.8275,409,16,0,-289,47,2,2,1442,1000460,0,0,1,0,1
56.2775,483,43.5,0,37,51,1,1,1548,1000482,0,0,1,0,1
50,0,0,0,0,51,1,1,1535,1000554,0,0,1,0,1
5.045,0,0,0,0,47,3,1,1004,1000605,0,0,0,0,1
53.425,77.25,0,23.475,-70.25,53,1,1,1592,1000608,0,0,1,0,1
559.79,6336.25,4320.75,0,135.75,51,2,2,162,1000652,0,0,0,0,0
5,0,0,0,0,53,1,1,1584,1000695,0,0,1,1,1
36.25,38.75,18.5,0,-17.75,51,1,1,1523,1000702,0,0,1,0,1
265.665,2613,962,0.0975,-154,46,2,1,212,1000734,0,1,0,1,0
80.2575,296.75,108.25,2.93,-66.75,50,2,2,1515,1000742,0,0,1,0,1
40,108.25,0,0,46.75,48,1,1,1462,1000795,0,0,1,0,1
10,2.5,0,0,-1.5,50,3,1,1503,1000818,0,0,1,0,1
79.5625,565,158.25,0,75,49,1,1,1462,1000872,0,0,0,0,1
74.44,391.75,10,0,-391.75,47,2,1,1377,1000910,0,0,0,0,0
32.49,31.75,0,0,-30.75,50,3,2,1520,1001018,0,0,1,0,0
51.22,114.5,0,0,-25.5,44,1,1,1346,1001046,0,0,1,1,1
10.0975,19.25,0,0.0975,-19.25,46,1,1,1406,1001052,0,0,0,0,0
30,12,0,0,7,50,1,1,1506,1001099,0,0,1,0,1
33.24,24.5,0,0,-8.5,46,3,2,1396,1001111,0,0,1,0,0
30.2375,189.75,0,0,-1.75,50,1,1,741,1001162,0,1,0,1,0
47.5,280.5,0,0,-279.5,49,1,1,1490,1001205,0,0,1,0,1
59.95,0,0,0,0,45,1,1,1382,1001217,0,0,1,0,1
30.62,130.75,0,0,-66.75,45,1,1,1378,1001247,0,0,1,0,1
30.2475,0.75,0,0.2575,2.25,47,1,0,1422,1001262,0,0,1,0,0
19.95,10.25,0,0,5.75,45,1,1,1375,1001276,0,0,1,0,0
52.8225,320.75,119.75,0,77.25,47,1,1,1419,1001301,0,0,1,0,1
20,15,0,0,1,49,1,1,1472,1001392,0,0,1,0,1
26.8425,55,0,6.035,-55,49,2,2,1471,1001408,0,0,1,1,1
63.6,515.5,79,0,-11.5,49,1,1,1471,1001416,0,0,1,0,0
87.1625,318.75,159.75,0,60.25,43,1,1,986,1001464,0,1,0,0,1
16.99,3,0,0,-3,49,1,1,1467,1001506,0,0,1,0,0
29.99,52,0,0,18,45,2,1,1357,1001532,0,0,1,0,1
96.9125,461.75,257.75,0,-35.75,47,1,1,1403,1001537,0,0,1,0,0
19.43333333,20.66666667,4.333333333,0,-15.00692815,43,1,1,784,1001541,0,0,0,1,0
45.5625,101.5,69.25,0,-0.5,45,1,1,1356,1001549,0,0,1,0,1
10,0,0,0,-15.00692815,45,1,1,1009,1001579,0,0,0,1,1
48.9325,517,43.75,0,-172,44,1,1,1347,1001646,0,0,1,1,0
135.13,711,280.5,0,-202,46,1,1,1390,1001681,0,0,1,0,1
40.07,80.75,28,0,-80.75,42,1,1,1278,1001710,0,0,1,1,1
30,93,0,0,0,44,2,1,1292,1001765,0,0,0,0,1
793.05,4661,2976.25,0,-2785,48,1,1,406,1001811,0,0,0,0,0
36.4175,108.75,12,0,-22.75,47,1,1,1415,1001833,0,0,1,0,1
69.10666667,192,134,0,-15.00692815,48,1,1,1430,1001836,0,0,1,1,1
30.2475,63.5,0,0,3.5,42,1,1,1284,1002076,0,1,1,0,1
20.5975,35.5,9.75,0,-23.5,46,1,1,1378,1002145,0,0,0,0,1
22.7625,6.75,0,0,1.25,39,1,1,1179,1002344,0,0,1,1,1
29.99,92,0,0,-2,40,1,1,1231,1002422,0,0,1,1,0
40.5575,109.5,0,6.93,-60.5,40,2,1,1214,1002532,0,0,0,0,1
16.14,4.75,0,0,-4.75,44,1,1,1324,1002554,0,0,1,1,1
23.1225,171,0,0,12,38,1,1,1144,1002608,0,0,0,1,1
20.0725,39.75,2,0,13.25,38,1,1,1142,1002645,0,0,1,1,1
49.605,264.5,56.25,0,-264.5,40,3,2,519,1002662,0,1,0,1,1
58.2725,310.25,58.5,0,26.75,37,2,2,1138,1002681,0,0,1,1,1
19.59,36,6.25,0,-2,37,1,1,1117,1002855,0,0,1,1,1
58.63411388,513.9735097,40.86313317,1.228694398,-15.00692815,43,3,2,1245,1002860,0,0,0,0,1
87.6625,410,93.75,33.425,-407,37,1,1,1113,1002890,0,0,1,0,1
84.6275,227.5,0,0,16.5,43,3,2,1282,1002897,0,1,1,0,1
25.75,20.75,20.75,0,-20.75,42,1,1,1272,1002998,0,0,1,1,1
30.54,12.75,0,0,-8.75,40,1,1,1205,1003055,0,0,1,1,1
30.39,192.25,0,0.39,-92.25,40,1,1,1185,1003182,0,0,0,0,1
84.02,375.5,152.25,0,-4.5,42,2,2,1253,1003201,0,0,1,0,1
29.9075,8,0,0,-4,40,4,2,1192,1003204,0,0,1,0,0
16.99,45,0,0,-10,42,1,1,1005,1003282,0,1,0,0,0
12.7375,112.75,0,2.7375,38.25,37,5,3,1139,1003386,0,0,1,0,1
20.0325,69,3,0,92,39,2,2,1181,1003489,0,0,1,1,0
50.2825,354.75,0,0.2925,110.25,39,1,1,1181,1003506,0,0,1,1,0
16.99,0,0,0,0,41,4,2,1242,1003519,0,0,1,0,1
86.97,192.75,0,69.98,547.25,39,1,1,1180,1003577,0,0,1,0,1
40.7225,204.25,28.75,0,-2.25,39,4,1,1177,1003691,0,0,1,0,1
92.4975,207,0,39.1075,30,37,1,1,1131,1003697,0,0,1,0,1
81.1925,2027.75,161,0,-1147.75,39,4,1,64,1003704,0,1,0,1,1
217.32,1278.25,426,4.875,-461.25,35,5,5,1062,1003793,0,0,1,0,0
22.5425,0,0,0,0,35,2,2,1061,1003822,0,0,1,1,1
11.39666667,165.6666667,0,0,-15.00692815,41,1,1,817,1003961,0,0,0,1,1
5.295,8.5,0.5,0,-6.5,35,1,1,1051,1003979,0,0,1,1,0
36.975,206.75,19.25,0,-206.75,38,3,3,465,1004085,0,1,0,1,0
146.19,972.5,259.5,0,166.5,40,2,1,853,1004130,0,0,0,0,1
29.99,4.666666667,0,0,-15.00692815,38,2,1,1149,1004155,0,0,1,0,0
37.4925,534,0,0,-108,40,1,1,1209,1004166,0,0,1,1,1
24.45,49,0,0.27,48,36,1,1,1073,1004178,0,0,0,1,1
158.485,767.5,471,9.355,-158.5,34,1,1,1039,1004188,0,0,1,0,1
89.5325,245.75,11.75,0.1725,-180.75,38,5,1,219,1004200,0,1,1,1,1
51.4225,266.75,35,0.585,-264.75,36,4,1,59,1004212,0,1,0,1,1
60.1725,304,75,0.48,29,34,2,1,1032,1004287,0,0,1,1,0
317.6925,1855.25,898,0.195,-909.25,40,1,1,763,1004450,0,0,0,0,1
53.9025,378,47.25,0.2925,72,34,3,2,842,1004467,0,1,0,0,1
55.26,331.25,4,0,-0.25,33,7,2,510,1004508,0,0,0,0,1
36.16,85.75,45.75,0,97.25,36,1,1,1080,1004519,0,0,1,1,1
20.405,20.5,1.25,3.04,-11.5,37,2,1,1125,1004531,0,0,0,0,0
86.3525,241,0,39.3675,76,33,1,1,1012,1004606,0,0,1,0,0
46.53,227.25,0,6.415,-170.25,37,4,2,1120,1004612,0,0,1,0,1
70.885,459.25,31.25,0.195,-40.25,39,2,2,943,1004734,0,1,0,1,1
9.75,1.5,1.5,0,-0.5,37,1,1,605,1004969,0,1,0,1,0
88.5375,752.25,88.25,12.2775,-598.25,33,2,2,984,1005081,0,0,0,1,0
40.99,276.75,34,0,-6.75,38,2,1,1155,1005139,0,0,1,0,1
487.3925,3746.75,1437,1.175,-125.75,32,2,2,261,1005284,0,1,0,0,0
78.04,1082.25,118,0,307.75,36,1,1,609,1005340,0,1,0,1,1
8.94,25.5,0,0,-25.5,38,1,1,1147,1005368,0,0,1,1,0
201.5975,1148.75,544.75,1.2675,-147.75,32,1,1,977,1005394,0,0,1,0,0
30.0875,87.25,0,0.0975,-2.25,36,2,1,1084,1005419,0,0,1,1,1
30,5.75,0,0,0.25,38,4,2,1141,1005533,0,0,1,0,0
26.23,99,0,1.12,-81,38,2,2,654,1005599,0,0,0,1,0
30.3825,141,0,0,-14,32,1,1,931,1005684,0,1,0,0,1
30.5175,86,0,1.76,-17,32,2,1,916,1005724,0,0,0,0,1
96.7325,449.25,218.5,0,196.75,36,1,1,1005,1005772,0,0,0,0,1
7.75,2.75,2.75,0,3.25,36,1,1,1072,1005789,0,0,1,1,1
142.3675,783.75,292.25,0,496.25,36,2,1,1071,1005804,0,0,1,0,1
15,29,0,0,-13,34,2,2,1023,1005890,0,0,1,1,1
29.99,0,0,0,0,34,1,1,1022,1005906,0,0,1,1,1
70.055,345.75,91.25,0,-170.75,38,2,1,1129,1005909,0,0,1,0,1
175.7,490.75,0,115.62,257.25,34,1,1,930,1005980,0,0,0,0,1
40.37,2.25,0,0,6.75,38,2,2,1034,1005982,0,1,0,0,0
58.63411388,513.9735097,40.86313317,1.228694398,-15.00692815,38,5,3,1126,1006031,1,1,1,0,1
14.185,4,2.5,0,-4,35,1,1,915,1006100,0,1,0,0,0
85.0875,233.75,0,0.0975,-233.75,33,6,4,786,1006297,0,1,0,1,1
215.4975,1093.5,295.75,89.805,-138.5,37,1,1,567,1006375,0,0,0,0,0
165.5775,735.25,320,0,-246.25,33,1,1,1010,1006382,0,1,1,0,1
250.0825,1533.5,760.25,0,108.5,31,2,2,535,1006383,0,0,0,0,0
185.0875,1434.25,449.5,0,102.75,33,1,1,340,1006661,0,0,0,1,1
45.52,151.25,53,0,156.75,33,1,1,1004,1006678,0,1,1,0,1
33.625,100.5,0,0,-86.5,33,1,1,1004,1006701,0,1,1,0,1
200.3975,1100.5,486.25,9.385,-748.5,31,1,1,940,1006796,0,0,1,1,0
35.845,372.25,0.75,0.5625,-295.25,37,4,2,458,1006899,0,0,0,1,1
96.6275,367.25,177.75,1.725,-4.25,31,2,1,937,1007059,0,0,1,0,0
53.5525,194,60.25,0,48,33,1,1,847,1007292,0,1,0,0,1
34.99,59.5,0,0,-22.5,37,2,1,1102,1007347,0,0,0,0,0
26.66,143.3333333,0,0,-15.00692815,37,1,1,1102,1007373,1,0,1,1,1
29.99,146.75,0,0,-17.75,35,1,1,1041,1007435,0,0,1,1,1
116.27,538.75,290.25,1.2175,352.25,33,4,3,993,1007538,0,0,1,0,1
21.96,29,4.5,0,11,37,1,1,1099,1007590,0,1,1,0,0
51.76,332.75,70,1.275,401.25,37,5,3,767,1007601,0,1,0,0,1
41.115,334.5,17.5,0,138.5,32,4,1,986,1007914,0,0,1,0,1
16.99,3.5,0,0,-3.5,32,2,1,986,1007943,0,0,1,1,0
72.9275,272,85,2.6575,416,34,1,1,1028,1007980,0,0,0,0,1
80.71,108,0,0,32,30,4,2,922,1008015,0,1,1,0,1
63.9375,334,92.75,0,-237,36,2,1,1091,1008048,0,0,1,1,0
175.4175,665.75,461.25,0.32,-665.75,32,2,2,983,1008078,0,0,1,0,1
41.75333333,258,41.33333333,0,-15.00692815,36,1,1,1088,1008177,0,0,1,1,1
34.6725,215.25,2,0.16,12.75,32,4,2,441,1008323,0,0,0,1,0
143.4425,452.25,278,0,67.75,34,1,1,1023,1008394,0,0,1,0,1
23.12,76.25,2.75,0,-11.25,36,2,2,1081,1008510,0,0,1,1,1
365.24,2249,1202.25,0,-21,36,1,1,552,1008574,0,0,0,0,1
125.0475,291.25,273.5,0,87.75,30,1,1,909,1008623,0,0,1,0,1
12.7425,6.75,0,0,-4.75,34,1,1,885,1008694,0,0,0,1,0
5,0,0,0,0,34,1,1,672,1008760,0,0,0,1,1
200.665,1328.5,502.25,0,710.5,34,1,1,692,1008881,0,1,0,0,0
102.3775,571.5,170,0,-2.5,34,1,1,943,1008954,0,1,0,0,0
37.9575,463,20.75,0,-161,32,2,2,575,1009025,0,0,0,1,1
36.745,71,56,0,17,29,1,1,889,1009290,0,0,1,1,1
196.2875,1288.75,340.75,22.235,-45.75,35,1,1,1057,1009325,0,0,1,0,1
34.98,120.75,0,0,-11.75,35,2,1,1057,1009335,0,0,0,0,0
12.21333333,9.333333333,8.666666667,0.213333333,-15.00692815,35,1,1,540,1009496,0,1,0,1,1
30.5975,87.5,0,0,-26.5,31,1,1,414,1009527,0,1,0,1,0
87.4425,874,84.75,11.5775,169,29,4,1,883,1009589,0,0,1,0,1
30,25,0,0,8,33,1,1,596,1009674,0,1,0,1,1
61.0425,500.75,0.25,0,-403.75,33,1,1,547,1009720,0,0,0,1,1
50.44,452.75,1.5,0,53.25,35,2,2,773,1009725,0,0,0,1,1
24.99,28,0,0,-12,33,1,1,596,1009763,0,1,0,1,1
44.955,139,57.5,0,-133,31,1,1,935,1009943,0,0,1,1,0
33.6625,306.5,0,0,391.5,31,1,1,933,1010007,0,0,1,1,1
189.825,2249.75,144,72.8625,-725.75,31,5,3,488,1010018,0,1,0,0,0
24.99,2.666666667,0,0,-15.00692815,34,1,1,1034,1010222,0,0,1,1,1
60.055,459.25,27,0.48,-7.25,30,1,1,707,1010280,0,0,0,1,1
26.33,231.25,15.25,0,-186.25,28,2,2,862,1010321,0,0,0,1,1
75.18,418.5,80.75,0,-418.5,34,1,1,1030,1010371,0,0,1,1,1
35.305,302.75,0,0,-15.75,28,1,1,861,1010374,0,0,1,1,0
50.2375,158.25,0,0,75.75,34,2,1,545,1010401,0,0,0,1,0
49.71,292.5,41.5,0.195,-292.5,34,2,1,1020,1010472,0,1,0,0,1
17.805,9.25,0,0,-4.25,28,1,1,856,1010556,0,0,1,1,1
46.95333333,320.3333333,49.33333333,0,-15.00692815,34,2,1,981,1010611,0,1,0,1,1
25.16666667,177.3333333,20.66666667,0,-15.00692815,34,2,1,1022,1010629,0,0,1,1,1
85.4375,68.25,0.5,0,-41.25,34,3,3,1022,1010646,0,0,1,1,1
504.1575,3261.75,1546.75,0,-898.75,30,1,1,248,1010652,0,0,0,0,1
53.4275,180.5,65.5,0,-180.5,28,2,1,852,1010667,0,0,1,1,1
325.2175,1368.25,935.75,5.85,534.75,28,1,1,116,1010798,0,0,0,0,1
44.5775,62.5,0,0,187.5,28,2,2,845,1010908,0,0,1,1,0
47.2575,279.25,14.75,4.015,10.75,28,3,2,300,1010965,0,1,0,1,1
43.0375,580.25,9.5,0,-110.25,30,3,1,441,1011094,0,0,0,1,1
54.3225,315.25,73.5,0.0975,319.75,30,1,1,901,1011158,0,0,1,1,0
55.46,1785.75,238.75,0,-1372.75,28,1,1,114,1011210,0,1,0,1,1
83.53,287.25,168.25,0,83.75,31,1,1,745,1011357,0,0,0,1,1
51.3175,337.5,0,0,128.5,29,5,3,890,1011512,0,1,1,0,1
102.2925,999.5,180.75,0,335.5,31,4,1,519,1011538,0,1,0,0,1
55.3875,313.75,34.25,4.06,-300.75,33,2,1,990,1011624,0,0,0,1,1
243.4925,1380.25,691.5,0,-1206.25,33,1,1,960,1011633,0,0,0,1,1
30.2475,201.5,0,0,-25.5,33,2,1,810,1011646,0,1,0,0,1
116.6975,501.75,296.25,0,-42.75,29,1,1,880,1011915,0,0,1,0,0
55.0975,595.25,0,0.8975,46.75,27,7,2,817,1011922,0,0,1,0,1
116.0325,1081.25,171.25,0,-969.25,27,1,1,816,1011968,0,0,1,1,1
30.15,18.5,0,0.16,-18.5,31,6,1,924,1011979,0,0,1,0,1
110.26,384.5,226.75,0.39,606.5,27,2,1,691,1011991,0,0,0,0,0
102.9325,893.75,215.5,0,250.25,27,3,3,811,1012152,0,0,1,1,0
426.46,2710.25,852.25,11,-1101.25,33,1,1,976,1012319,0,0,1,0,0
71.265,259.75,4.25,0,-197.75,29,2,2,868,1012362,0,0,1,1,0
36.7175,740.75,3,0,5.25,26,1,1,805,1012370,0,0,1,1,0
200.1675,953.75,348.75,0,-792.75,26,3,2,805,1012401,0,0,1,1,1
5,0,0,0,0,28,1,1,865,1012458,0,0,1,1,1
13.25,8.25,0,0,1.75,28,1,1,865,1012476,0,0,1,1,1
58.63411388,513.9735097,40.86313317,1.228694398,-15.00692815,26,5,2,763,1012658,0,0,0,0,1
130.6075,577.75,282.5,0,373.25,30,2,2,905,1012800,0,0,1,0,1
535.955,2941.5,396.25,201.2375,-61.5,28,2,2,222,1012837,0,1,0,0,0
4.795,0,0,0,0,26,1,1,794,1012926,0,0,1,1,1
214.125,649.25,457.25,13.8,1127.75,28,1,1,848,1012951,0,0,0,0,1
103.7425,12.25,0,0,-12.25,32,4,4,958,1013102,0,0,1,1,0
35.075,117.75,14.25,0.0975,-0.75,30,2,1,897,1013104,0,1,0,0,0
30.2375,46.75,0,0,-1.75,32,2,1,955,1013206,0,0,1,1,1
19.68,371,0,0,-371,28,1,1,845,1013317,0,0,1,1,0
68.6,347.5,67.75,6.5525,-312.5,30,1,1,884,1013560,0,0,1,1,1
10.2475,484.75,0,0,-258.75,28,5,2,423,1013583,0,1,0,0,0
31.725,254.5,0,2.585,45.5,30,2,1,398,1013671,0,1,0,1,1
37.745,184,3.5,0,-31,25,3,1,572,1013687,0,1,0,1,1
89.4625,1731,0,0,-1246,31,11,5,256,1013717,0,1,0,0,1
32.5275,141.5,0,0,-77.5,27,2,2,832,1013819,0,0,1,1,1
17.19666667,3,0,0,-15.00692815,25,1,1,766,1013989,0,1,1,1,0
28.7375,140.25,0,0,157.75,31,1,1,932,1014134,0,0,1,1,0
35.7775,260.5,7.25,0,-151.5,29,1,1,871,1014160,0,0,1,1,1
22.9875,16.5,0,0,-14.5,29,1,0,862,1014260,0,0,0,1,0
29.99,161.75,0,0,6.25,27,1,1,822,1014301,0,0,1,1,1
128.83,416,256,7.83,140,27,1,1,821,1014370,0,0,1,0,1
30.0075,120.75,0,0,-120.75,25,1,1,755,1014665,0,0,1,1,1
41.31,239.75,0,0,87.25,31,2,1,922,1014747,1,0,1,1,1
233.195,1464.25,583.5,0,1897.75,25,2,2,312,1014866,0,0,0,1,1
26.6125,222.25,11,0,-216.25,25,1,1,750,1014909,0,1,1,1,1
855.5025,4034.5,224.25,692.3925,-1641.5,27,1,1,89,1014965,0,1,0,0,1
20.22666667,285.6666667,15.33333333,0,-15.00692815,31,1,1,435,1015259,0,1,0,1,1
19.5975,42.5,3.25,0,-42.5,26,1,1,803,1015343,0,0,1,1,0
320.8125,3012.5,495.5,71.0325,113.5,24,4,1,165,1015355,0,0,0,1,1
47.4475,372.75,49.25,0.0975,-125.75,28,1,1,764,1015372,0,0,0,1,0
31.7275,303.25,9.25,0,-77.25,26,2,1,802,1015399,0,0,1,1,0
28.49,37.75,0,0,1.25,28,6,2,846,1015501,0,0,1,1,0
161.18,519.75,372,0,921.25,30,1,1,907,1015507,0,0,1,0,1
97.1075,556.5,45.5,0,47.5,26,4,2,381,1015523,0,0,0,1,1
31.9825,174.75,0,1.9825,16.25,26,7,1,390,1015544,0,0,0,0,1
163.25,1297,293.5,0,-973,24,1,1,735,1015663,0,0,1,1,0
44.0925,242,13.25,0,-19,30,1,1,902,1015751,0,0,1,1,1
18.7525,6.25,0,0,5.75,26,2,2,783,1015753,0,1,0,0,0
54.305,574,35.25,0,-274,28,1,1,573,1015846,0,0,0,1,1
41.54,300,36.25,0.0975,173,24,1,1,731,1015889,0,0,1,1,1
52.5475,243.75,0,2.1275,-49.75,28,1,1,839,1015901,0,0,1,1,1
30.195,283.25,0,0.195,82.75,28,1,1,837,1015994,0,0,1,1,1
53.4875,72.75,0,0,-12.75,30,2,1,897,1016042,0,1,1,0,1
34.99,15.25,0,0,-15.25,30,5,2,897,1016066,0,0,1,0,1
201.7375,782,78.5,110.91,483,24,1,1,728,1016076,0,0,1,0,1
37.55,295.25,46,0,-199.25,30,2,1,897,1016092,0,0,0,0,1
217.955,1240,546.75,0,316,30,1,1,897,1016098,0,0,1,0,1
43.125,181.5,0,0,-181.5,24,7,3,727,1016106,0,0,1,0,1
10.09,26.5,0,0,-26.5,24,2,2,726,1016178,0,0,1,1,1
121.79,605.25,248,0,438.75,30,2,2,894,1016244,0,0,1,0,1
33.24,98.75,0,0,31.25,28,2,1,833,1016265,0,0,1,1,1
141.1133333,893,204.6666667,16.61666667,-15.00692815,30,5,3,892,1016355,0,0,1,1,0
4.8825,0,0,0,0,24,5,1,723,1016397,0,0,1,0,1
54.5325,130.5,0,4.5325,-28.5,26,2,2,782,1016524,0,0,1,1,0
51.79,157.5,54.5,0,-48.5,28,1,1,499,1016527,0,1,0,1,0
63.48,308.75,9,0,-24.75,24,3,3,500,1016661,0,1,0,1,1
55.03,470.5,1,0,-174.5,24,2,1,335,1016783,0,1,0,1,1
50.2175,377.25,19.25,0,-119.25,28,6,2,520,1016809,0,1,0,0,1
18.62666667,103.6666667,0,0,-15.00692815,24,1,1,716,1016813,0,0,1,1,1
71.755,161.25,61.75,20.1525,228.75,26,2,1,776,1016984,0,0,1,0,1
36.39666667,726,17,0,-15.00692815,30,1,1,883,1016986,0,0,1,1,1
11.25,6.25,6.25,0,1.75,29,2,1,881,1017125,0,0,1,1,0
21.1825,12,2.25,0.2925,-2,27,2,1,818,1017301,0,0,1,1,0
30.375,79,0,0,-1,29,1,1,877,1017418,0,0,1,1,1
60.53,18.75,0,0,8.25,23,8,3,308,1017476,0,1,0,0,1
46.1375,86.5,0,0.16,-36.5,25,1,1,768,1017586,0,0,1,1,1
47.0375,84.25,64,0,-84.25,25,2,2,766,1017726,0,0,1,1,1
42.2375,323.5,26,3.1375,18.5,27,1,1,811,1017818,0,0,1,1,1
44.48,835.5,22.75,0.195,192.5,23,9,2,90,1017845,0,1,0,1,1
37.7475,142,0,0,-117,29,2,2,872,1017847,0,0,1,1,1
116.6175,457.25,113,43.13,-283.25,23,1,1,702,1017857,0,0,1,0,1
248.13,1347.5,620.25,9.6125,234.5,23,1,1,356,1017901,1,1,0,0,0
32.6725,60.75,17.5,0,-47.75,23,1,1,700,1017991,0,0,1,1,1
41.33,140.5,56.5,0.195,421.5,23,2,1,699,1018088,0,0,1,1,1
76.475,864.5,0,0,-98.5,29,3,1,321,1018292,0,1,0,1,1
29.99,43.25,0,0,-13.25,25,1,1,756,1018520,0,0,1,1,1
53.2575,118.5,75.25,0,69.5,23,2,1,694,1018559,0,0,1,1,1
38.9875,100,0,5.5125,-100,27,1,1,801,1018643,0,0,1,1,1
190.7075,1362.25,433.5,0,572.75,29,1,1,589,1018751,0,0,0,1,1
46.9625,529,13.75,0,-21,23,1,1,692,1018763,0,0,1,1,1
206.785,603.25,105.75,139.7825,-603.25,25,1,1,754,1018793,0,0,1,0,1
38.895,176.75,9,0,-107.75,29,1,1,603,1018820,0,1,0,1,1
53.9975,771.5,10.25,0,-497.5,27,4,2,471,1019120,0,0,0,1,0
65.5575,267.5,99.5,0,166.5,25,1,1,750,1019233,0,0,1,1,1
80.525,276.75,6,42.94,-72.75,29,1,1,747,1019497,0,0,0,0,1
170.825,778.25,369.5,0,1606.75,25,2,2,747,1019519,0,0,1,0,0
50.5675,27.5,0,0.5775,-20.5,25,4,2,683,1019703,0,1,0,0,1
146.185,831.75,239.25,0,32.25,27,4,2,792,1019756,0,0,1,0,0
72.825,210.75,112.25,3.54,142.25,22,2,1,682,1019895,0,1,1,0,1
92.0225,403.5,88.25,28.185,-136.5,26,1,1,789,1019982,0,0,0,0,0
94.6325,548,133.5,3.28,378,22,2,2,424,1019987,0,1,0,1,0
75.5925,781,0.25,0,-490,24,1,1,742,1020060,0,0,1,1,0
47.915,177.5,0,0,138.5,22,2,1,680,1020096,0,0,1,1,1
36.305,110,13.75,1.175,-17,22,1,1,667,1020285,0,0,0,1,1
57.9975,776,6,0,355,28,1,1,845,1020335,0,0,1,1,0
33.7375,27.25,0,0,-0.25,26,1,1,784,1020380,0,0,1,1,1
81.555,275.25,144.5,0,-68.25,28,1,1,509,1020565,0,1,0,1,0
228.3375,1442,342.75,0,-287,22,2,2,672,1020622,0,0,1,0,0
48.82,472.75,0,9.5825,-78.75,26,2,2,780,1020631,0,0,1,1,1
331.64,1793,872,61.41,880,28,2,1,122,1020666,1,0,0,0,0
175.7275,1830.5,516.25,0.2925,-668.5,22,1,1,672,1020673,0,0,1,0,1
34.22,293.5,1,0,-37.5,26,3,3,773,1021156,0,0,1,1,1
7.82,3.75,0.75,2.07,5.25,24,1,1,561,1021283,0,0,0,1,1
6.5,1.5,1.5,0,-1.5,28,1,1,832,1021287,0,0,1,1,1
34.81666667,11.66666667,0,4.826666667,-15.00692815,28,1,1,832,1021333,0,0,1,1,0
44.715,917.25,88.5,0,-863.25,28,3,2,403,1021406,0,0,0,1,1
10,5,0,0,-4,24,1,1,723,1021459,0,1,1,1,0
54.5075,456.25,9.25,0,-173.25,24,3,2,319,1021564,0,0,0,1,1
23.57,50.66666667,0,0,-15.00692815,28,1,1,828,1021572,0,0,1,1,1
288.7275,1702.75,767,1.7775,401.25,22,1,1,656,1021826,0,0,1,0,1
30.7325,53.5,0,0,0.5,24,1,1,604,1021869,0,0,0,1,1
30.385,580.25,10.25,0,-50.25,28,1,1,823,1021871,1,1,1,1,0
5,0,0,0,0,24,1,1,716,1021961,0,0,1,1,0
91.515,597.25,118,0,-218.25,28,2,1,822,1022029,0,0,1,1,1
38.115,180.25,18,1.33,-7.25,25,2,1,760,1022147,0,0,1,1,1
5,0,0,0,0,27,3,1,818,1022324,0,1,1,0,1
46.3,77.5,0,0.82,-41.5,27,2,2,818,1022330,0,0,0,1,0
49.165,417,40.5,0,12,25,3,2,755,1022461,0,0,1,1,0
34.845,128.75,3.5,0,58.25,21,1,1,522,1022614,0,0,0,1,0
66.0925,549.5,0,12.885,-201.5,27,1,1,227,1022643,0,1,0,1,1
382.8325,3066.75,806,0,98.25,25,4,1,500,1022681,0,0,0,0,1
450.205,2414.5,679.75,0,-325.5,25,2,1,711,1022850,0,0,0,0,0
35.99,519.75,0,0,2.25,25,1,1,749,1022895,0,0,1,1,0
33.74,567,0,0.2925,-150,23,1,1,302,1023036,0,1,0,1,1
75.24,293,0,0,-293,27,2,1,582,1023046,0,0,0,1,1
33.185,284,0.5,0,32,23,1,1,262,1023128,0,1,0,1,1
84.625,378,165.75,0,110,27,4,1,806,1023250,0,0,1,0,1
24.6225,39.5,19,0,-20.5,27,1,1,792,1023320,0,0,0,1,0
120.05,526.25,225,1.2875,-40.25,21,5,2,515,1023359,0,0,0,0,1
304.545,2589.25,891.5,0,-364.25,23,6,2,67,1023387,0,1,0,0,1
38.24,24,0,0,-1,27,3,1,804,1023400,0,0,0,0,1
17.4025,13.75,0,0,-4.75,25,5,1,743,1023408,0,0,1,0,0
50.935,583.25,0,0,-581.25,21,5,3,348,1023466,0,1,0,0,1
28.245,50,0,0,7,25,2,1,740,1023555,0,0,1,1,1
30.26,140.75,0,0,-137.75,21,1,1,632,1023578,0,0,1,1,1
30.6025,147,1.75,0,-23,23,1,1,694,1023590,0,0,1,1,0
154.0725,706.75,214.25,0,-518.75,27,1,1,800,1023669,0,0,1,1,1
257.4175,1168.5,626,0.0975,600.5,27,2,1,509,1023685,0,0,0,0,1
35.0075,114.75,0,2.0175,-114.75,23,1,1,404,1023734,0,1,0,1,1
62.53,434,55.75,0,-394,25,1,1,737,1023791,0,0,1,1,1
58.45,282.5,28.75,0,180.5,25,2,2,455,1023833,0,1,0,1,1
22.7625,46.75,0,0,-44.75,21,1,1,628,1023839,0,0,1,1,0
29.98,9,0,0,3,27,1,1,797,1023840,0,0,1,1,1
51.655,264.75,0,0.71,91.25,21,1,1,362,1024047,0,1,0,1,0
30.69,260.5,2,0,-2.5,25,1,1,709,1024055,0,0,0,1,1
635.0625,2237.5,1368.75,24.0175,-508.5,21,1,1,95,1024209,1,0,0,0,0
22.915,41.5,14.25,0,-8.5,27,2,1,791,1024290,0,1,1,0,1
32.25,141.75,0,0,-29.75,20,1,1,444,1024316,0,0,0,1,1
10.2625,436.75,0,0.1725,30.25,20,4,2,271,1024350,0,0,0,1,1
29.99,38.5,0,0,-12.5,22,5,2,677,1024366,0,1,1,0,0
5,0,0,0,0,24,1,1,727,1024527,0,0,1,1,0
469.67,4530.75,1389,0,-967.75,24,2,2,303,1024543,0,0,0,0,0
54.8275,329.5,0,0,-321.5,26,1,1,788,1024551,0,0,0,1,0
325.0225,1710,887,5.715,-1555,22,3,2,157,1024592,0,1,0,0,0
20.985,107,17.5,0,10,26,1,1,785,1024750,0,0,1,1,1
72.36,425.25,107,0,-162.25,20,6,1,616,1024771,0,0,1,1,0
20.525,12.5,8.5,0,37.5,20,1,1,615,1024902,0,0,1,1,1
115.59,679.5,149.25,0,-73.5,22,2,2,676,1025013,0,1,1,1,1
16.62,38.5,0,0,-21.5,22,1,1,676,1025019,0,0,1,1,0
14.995,117,13.75,0,-103,22,1,1,675,1025087,0,0,1,1,1
231.925,980,439,0,-916,20,4,1,458,1025197,0,0,0,0,1
156.6925,1131,200.5,14.38,-494,26,2,1,193,1025289,0,1,0,1,1
31.93,75,20,1.645,35,20,2,1,274,1025320,0,0,0,1,1
63.08,685.5,28.5,0.0975,-261.5,20,1,1,453,1025415,0,1,0,1,1
267.125,1824.5,671.5,3.9725,481.5,20,1,1,577,1025448,0,0,0,0,1
5.045,0,0,0,0,20,1,1,607,1025525,1,0,0,1,1
52.705,261.75,25.75,0,153.25,22,4,1,397,1025527,0,1,0,0,1
44.5625,113.75,0,3.95,-49.75,22,1,1,410,1025626,0,1,0,1,0
50.2475,264.5,0,0,-110.5,24,2,1,714,1025669,0,0,1,1,0
93.3125,532.5,123.25,1.7325,-102.5,20,1,1,175,1025673,0,1,0,1,1
30.26,102.5,0,0,25.5,20,1,1,249,1025719,0,1,0,1,0
34.385,233.25,5.5,0,-42.25,22,2,2,666,1025815,0,0,1,1,1
33.5125,37,0,4.935,8,26,1,1,773,1025830,0,0,1,1,0
43.45,496.25,67.75,0,-127.25,22,1,1,456,1026002,0,0,0,1,0
15,5.5,0,0,1.5,22,1,1,505,1026023,0,1,0,1,0
16.535,25.5,17.5,1.44,-8.5,22,3,2,633,1026028,0,1,0,0,1
10.0625,4,0.25,0,5,24,9,5,710,1026082,0,0,1,0,1
48.52,190.5,50.75,0,27.5,20,1,1,602,1026116,0,1,1,1,1
53.6925,620,34.25,0,-170,26,5,4,580,1026121,0,0,0,1,0
249.8625,1757.25,487.5,0,142.75,26,6,2,388,1026281,0,0,0,0,0
52.575,148.75,0.25,3.6,61.25,24,2,2,540,1026364,0,1,0,1,1
67.4875,61.5,0,0,-47.5,24,1,1,706,1026414,0,0,1,1,1
30.0975,158.25,0.25,0,76.75,26,2,2,698,1026436,0,0,0,1,1
5,0,0,0,0,22,2,2,658,1026609,0,0,1,1,0
34.99,136.25,0,0,-19.25,22,1,1,658,1026618,0,0,1,1,1
167.36,958.25,386.75,0.0975,20.75,22,5,2,393,1026778,0,1,0,0,1
97.595,496.75,193.5,0,-377.75,22,1,1,655,1026951,0,0,1,1,1
49.99,0,0,0,0,22,9,6,654,1026988,0,0,1,0,1
30.12,27.33333333,0,0.13,-15.00692815,22,2,1,654,1026989,0,0,1,1,0
60.1975,435.5,82,0,-14.5,19,1,1,592,1026993,0,0,1,1,1
34.99,188.25,0,0,-55.25,25,1,1,757,1027417,0,0,1,1,0
132.0425,907.5,292.75,0,-850.5,21,2,1,650,1027446,0,0,1,0,1
111.09,428.5,120,0.39,112.5,23,6,3,695,1027580,0,0,1,0,0
31.9625,62.75,0,0.96,14.25,19,2,1,586,1027639,0,0,1,1,1
18.69,33.75,7.25,0.48,59.25,21,1,1,205,1027645,0,1,0,1,0
41.18,300,28,0,-77,19,2,2,585,1027745,0,0,1,1,0
38.7975,115.75,0.25,0,-104.75,19,1,1,585,1027821,0,0,1,1,1
84.045,79,79,0,53,19,3,2,583,1027963,0,1,1,0,0
20.0275,9.5,0,0,10.5,25,2,1,742,1027978,0,1,0,0,1
263.37,1224.75,696,0,-253.75,19,2,2,583,1028032,0,0,1,0,1
210.1475,1066.25,395.25,1.0725,-1066.25,19,6,3,286,1028257,0,1,0,0,1
4.8375,0,0,0,0,21,1,1,643,1028328,0,0,1,1,1
38.2475,802.75,0,0,-75.75,25,2,1,749,1028497,0,0,1,1,1
11.05,157.75,7,0,-26.75,25,3,3,748,1028538,0,0,1,1,0
187.9975,801.25,468.25,0,-486.25,19,1,1,579,1028585,0,0,1,1,0
30,185.75,0,0,-86.75,25,3,1,438,1028821,0,1,0,1,0
57.7725,549.25,20.75,0.32,-327.25,23,2,1,354,1028856,0,0,0,1,1
44.8025,606.75,10.5,0,-427.75,21,1,1,639,1028977,0,0,1,1,1
10.9,76.5,3,0,-33.5,25,2,2,399,1029048,0,1,0,1,1
22.5975,173.25,0.25,0,-123.25,25,1,1,745,1029171,0,0,1,1,1
22.5,123.25,0,0,-0.25,21,1,1,281,1029198,0,1,0,1,0
50.47,292.75,57.75,0,-239.75,23,1,1,554,1029247,0,0,0,1,1
54.8275,339.25,64.25,0,-315.25,19,1,1,559,1029248,0,0,0,1,1
280.635,1778.75,856.5,0,-1217.75,19,1,1,114,1029254,0,1,0,0,1
8,48.5,0.5,0,3.5,23,2,2,683,1029495,0,0,1,1,0
25.1375,152.5,2,0.64,-152.5,25,1,1,743,1029721,0,0,1,1,1
24.8075,27.5,1.25,0.4875,8.5,19,4,1,437,1029749,0,1,0,0,1
343.025,1925.25,1009.75,0,906.75,21,1,1,77,1029856,0,0,0,0,0
78.14,426,157.5,0,-426,23,2,2,681,1029958,0,0,1,1,1
52.9725,317.75,0,0,-172.75,21,6,2,635,1030002,0,0,1,0,1
76.335,650.25,0,0,-650.25,19,3,1,571,1030060,0,1,0,0,0
33.94,418.75,2,0,2.25,23,1,1,675,1030102,0,0,0,1,0
15.27,140,0,0,-128,19,1,1,572,1030136,0,1,1,1,1
16.295,360,38,0,-360,25,1,1,741,1030219,0,0,1,1,1
12.51,105,0,0,-57,19,1,1,248,1030227,0,1,0,1,0
12.99,0,0,0,0,25,1,1,552,1030342,1,1,0,1,1
19.8325,2.75,0,0,-2.75,21,2,2,487,1030574,0,1,0,1,1
164.495,510.75,27,103.9275,-421.75,19,2,2,571,1030604,0,0,1,0,1
101.5175,391.25,141.75,0,-173.25,19,1,1,570,1030722,0,0,1,1,1
33.5875,374.5,10.25,0,-11.5,23,1,1,678,1030782,0,0,1,1,1
30.0975,8,0,0.0975,-8,25,1,1,739,1030812,0,0,1,1,1
58.1575,759.75,135.5,0,-754.75,25,1,1,738,1031085,1,0,1,1,1
48.275,494.25,17,0,-46.25,25,9,1,505,1031262,0,1,0,0,0
72.385,230.5,0,0,-47.5,19,7,1,509,1031340,0,1,0,0,0
49.99,16.25,0,0,-16.25,15,2,1,434,1031368,0,0,0,1,1
63.7425,145,0,0,-78,21,4,3,630,1031439,0,0,1,1,1
28.42,179.5,27.25,0,36.5,21,3,1,448,1031500,0,1,0,0,1
10.8325,226.75,0,0,-33.75,19,5,3,567,1031518,0,1,1,1,0
136.7875,429.25,33.5,82.3075,-313.25,21,1,1,169,1031527,0,0,0,1,1
23.49,165.25,0,0,-165.25,25,1,1,736,1031610,0,0,1,1,1
24.83,0.75,0,0,2.25,23,1,1,675,1031817,0,0,1,1,0
291.9275,2662.75,466,1.88,-1544.75,19,2,1,513,1031945,0,0,0,0,0
233.1075,813.75,255.5,112.83,-134.75,21,2,2,247,1031976,0,0,0,0,0
30.27,278.75,0,0,-65.75,19,1,1,566,1032098,0,0,1,1,1
30,91.25,0,0,-51.25,23,1,1,672,1032431,0,0,1,1,1
146.625,1283.25,253.75,14.5525,351.75,19,13,3,11,1032532,0,0,0,0,1
10,3.75,0,0,-3.75,25,3,1,236,1032891,0,1,0,1,1
33.0675,164,10.75,0,-54,18,1,1,561,1033202,0,0,1,1,1
60.615,267.5,87.5,0,36.5,20,5,1,622,1033353,0,1,1,0,1
30.4425,37.5,0,0.195,-36.5,24,1,1,484,1033367,0,1,0,1,0
16.775,240.25,2.75,0,-240.25,18,1,1,514,1033373,0,0,0,1,1
30.705,168.25,0,0,-51.25,24,1,1,727,1033485,0,0,1,1,1
64.8575,519,57,1.2175,-456,18,1,1,301,1033518,1,1,0,1,1
5.045,0,0,0,0,18,2,2,558,1033567,0,0,1,1,1
22.4925,36.75,0,0,0.25,24,1,1,726,1033583,0,0,1,1,1
354.455,2130,1105,0,467,18,1,1,557,1033647,0,0,1,0,1
15.24,152.75,0,1.645,-34.75,18,2,1,489,1033721,0,1,0,1,1
107.32,180.75,0,77.32,-105.75,20,3,2,618,1033784,0,0,1,0,1
41.8125,186.25,39.75,1.4475,14.75,22,2,2,663,1033829,0,0,1,1,0
70.975,323.5,78.5,0,-45.5,18,2,2,555,1033830,0,0,1,1,1
135.07,1312.25,215,0,117.75,18,1,1,554,1033899,0,1,1,1,1
6.485,410,0,0,-15.00692815,24,3,2,722,1034012,0,0,1,1,1
42.49,77,0,0,-77,22,4,2,661,1034038,0,1,1,0,1
41.4625,466,0,3.07,-414,24,1,1,467,1034146,0,0,0,1,1
27.20666667,57.33333333,15.33333333,0,-15.00692815,22,1,1,659,1034194,0,0,1,1,1
20.46,362.6666667,1.333333333,0,-15.00692815,24,1,1,428,1034241,0,1,0,1,1
177.155,895.25,418.75,0.2925,670.75,22,1,1,659,1034243,0,0,1,0,0
42.545,213.25,77.75,0,-213.25,18,6,2,548,1034564,0,0,1,0,0
776.27,3977.75,2278,22.8675,29.25,18,1,1,248,1034576,1,0,0,0,0
68.5975,566.25,42.25,2,-49.25,18,1,1,546,1034698,0,0,1,1,1
35.8025,162.5,0,2.5625,-5.5,24,2,1,715,1034726,0,0,1,1,1
135.18,554,286.75,0.8975,609,18,4,1,256,1034822,0,1,0,0,1
185.595,940.5,0,88.905,235.5,22,1,1,652,1034857,0,0,1,0,0
67.335,542.75,98.5,0.2925,229.25,22,1,1,651,1034902,0,0,1,1,1
95.79666667,333.3333333,55.66666667,1.04,-15.00692815,24,1,1,411,1034947,0,1,0,1,1
8.133333333,2.333333333,0,0,-15.00692815,24,1,1,447,1035033,0,0,0,1,1
60.905,210.25,80.25,2.8275,-124.25,22,2,1,583,1035165,0,1,0,0,0
25.8375,30.25,0,0,-30.25,22,1,1,648,1035196,0,0,1,1,1
253.265,2436.5,631.75,0,-932.5,24,2,1,708,1035221,0,0,1,0,1
376.8825,2080,910.75,0.5775,2214,20,2,2,220,1035247,0,0,0,0,0
55.2525,237.75,0,3.7675,-237.75,20,10,3,597,1035494,0,0,1,0,1
31.04,158,3,0,34,22,2,1,638,1035860,0,0,0,1,1
247.705,1614.25,487.5,60.625,-105.25,21,1,1,528,1035908,0,0,0,0,1
30.1025,106,0,0,-16,21,6,2,453,1035911,0,0,0,0,1
102.0775,581,148.25,3.1025,78,19,1,1,527,1036033,0,0,0,1,1
42.1175,174,0,0,-15,19,4,2,590,1036085,0,1,1,0,0
98.4,786.75,103.25,16.6825,80.25,23,3,1,694,1036386,0,0,0,0,1
30.2475,32.5,0,0,10.5,21,3,1,561,1036452,0,1,0,1,1
112.3,452.25,0,60.5775,7.75,19,2,1,586,1036532,0,1,1,0,0
275.8525,1665,478.5,0,652,23,2,2,656,1036744,1,0,0,0,1
257.085,1249.25,750.75,0,-392.25,23,2,2,689,1036870,0,0,1,0,1
50,103.5,0,0,-47.5,23,4,2,689,1036927,0,0,1,1,1
244.25,1228.75,651.25,0,257.25,19,1,1,581,1036969,1,0,1,0,0
53.355,458.75,3.5,0,-34.75,21,1,1,627,1036970,0,0,1,1,1
20.075,44.75,6.75,0,7.25,19,1,1,581,1037016,0,0,1,1,0
74.5575,497.75,59,0.39,-175.75,23,1,1,441,1037034,0,1,0,1,0
45.4775,324.75,17.5,0,49.25,21,2,2,483,1037122,0,1,0,1,1
100.3125,519.5,54.25,45.085,-162.5,23,1,1,116,1037264,1,0,0,1,0
49.635,605.5,34.25,0.71,268.5,19,1,1,380,1037381,0,1,0,1,0
50.5025,717.5,15.75,0,19.5,21,5,3,437,1037508,0,1,0,1,1
25.24,241.6666667,4,0.78,-15.00692815,17,2,1,514,1037509,0,0,1,1,0
37.59,231,16,0,24,17,3,2,322,1037587,0,1,0,1,1
19.6175,0,0,0,0,17,1,1,513,1037690,0,0,1,1,1
50.7425,388.75,0,0,-159.75,21,1,1,428,1037774,0,1,0,1,1
47.7025,461.25,5,5.7125,-89.25,23,1,1,680,1037776,0,1,1,1,0
92.845,642.75,141.25,0.48,-35.75,19,2,1,526,1037802,0,0,0,1,1
78.805,424.5,73.5,0,-21.5,19,2,2,184,1037812,0,1,0,1,1
41.16,299.5,28.25,0.195,-40.5,19,7,2,573,1037852,0,0,1,0,0
58.95,266.75,72.75,0,-127.75,23,5,1,680,1037855,0,0,1,0,1
44.425,424,38.75,0.0975,68,17,1,1,256,1037866,0,1,0,1,1
16.25,141.25,0,0,-141.25,23,1,1,679,1037913,0,0,1,1,1
36.2625,36.25,0,0,17.75,19,4,2,572,1037937,0,1,1,0,1
54.4775,218.25,23,9.42,-11.25,21,1,1,617,1038018,0,0,1,1,1
2.695,0.5,0,0.195,-15.00692815,23,2,2,677,1038084,0,0,1,1,1
32.49,272.75,0,0,27.25,21,4,1,615,1038108,0,1,1,0,1
18.9875,21,0,0,43,23,1,1,676,1038126,0,1,1,1,1
13.14,162,0,0,-15.00692815,23,1,1,676,1038127,0,1,0,1,1
57.34,31.25,0,0,-31.25,19,2,1,385,1038249,0,0,0,1,1
17.2875,0,0,0,0,23,1,1,675,1038295,0,0,1,1,0
351.315,3576.75,1028,6.555,-2517.75,19,2,2,371,1038299,0,0,0,0,0
60.2925,275.75,66,0,-275.75,19,1,1,307,1038327,0,1,0,1,1
242.48,773.5,31.5,151.32,-9.5,17,2,2,505,1038344,0,0,1,0,1
62.885,434.25,63.25,0,22.75,23,5,1,259,1038393,0,0,0,1,1
73.7275,551.5,69.25,0.4525,251.5,19,1,1,345,1038444,0,0,0,1,1
10,0,0,0,0,23,2,1,672,1038529,0,0,1,1,1
259.6975,1449,736.5,0,-375,19,1,1,564,1038591,0,0,1,0,1
312.83,2375.25,582.25,0,-1372.25,23,1,1,216,1038671,0,0,0,1,1
43.7975,38.25,0,0.8,42.75,18,18,8,33,1038763,0,0,0,0,1
31.15,249,0,0,7,16,4,2,499,1038862,0,1,0,0,1
99.5425,379.5,196.5,0.7775,60.5,22,3,1,667,1038895,0,0,1,0,1
30.26,99.25,0,0,73.75,16,1,1,154,1038944,0,1,0,1,1
16.99,68.75,0,0,8.25,20,2,2,309,1038964,0,1,0,1,0
41.37,347,0,0,-121,20,1,1,606,1038970,0,0,1,1,1
410.2925,1920,1190.25,0,-426,18,1,1,559,1039026,0,0,1,0,0
10.5275,136.5,1.75,0,-114.5,16,8,2,496,1039090,0,0,1,0,0
32.49,16.25,0,0,-16.25,18,4,2,555,1039133,0,1,0,0,1
97.79,658,185.75,0.8075,-148,20,2,1,378,1039137,0,0,0,1,1
60.325,0,0,0,0,16,2,2,391,1039199,0,1,0,1,1
34.3575,337,0,0,109,22,3,2,420,1039451,0,0,0,1,1
58.16,316,76.5,0,368,18,1,1,402,1039707,0,1,0,1,0
102.395,800.5,251,0.47,-15.00692815,22,1,1,658,1039740,0,0,1,1,1
23.83,416.5,38.25,0,-294.5,16,2,1,363,1039787,0,0,0,1,0
105.2075,669.75,0,52.9175,-669.75,22,1,1,393,1039803,0,1,0,0,1
35.0875,239.5,0.25,0,39.5,22,2,1,351,1039813,0,0,0,1,0
56.925,907.25,0,0,-143.25,16,1,1,487,1039919,0,1,1,1,1
25.9125,0,0,0,0,18,1,1,548,1040013,0,0,0,1,1
51.32666667,364,73.66666667,0,-15.00692815,22,2,1,654,1040151,0,0,1,1,1
193.4875,1641.25,75.75,122.7025,-287.25,22,1,1,144,1040159,0,0,0,1,1
41.7475,342,31.25,0.2925,-229,16,2,1,11,1040226,0,1,0,1,1
20.97,52.25,0,0,-52.25,20,11,3,190,1040331,0,0,0,0,1
22.875,58.25,0,0,40.75,16,3,2,482,1040433,0,0,1,1,0
50.6575,205,0.25,0.0975,-122,20,1,1,324,1040472,0,1,0,1,1
301.5,2045.5,601.75,2.44,232.5,16,1,1,481,1040546,0,0,1,0,0
62.815,254.75,0,12.32,91.25,18,7,3,543,1040549,0,0,1,0,1
28.7,70,0,0,-15.00692815,18,1,1,542,1040610,0,0,1,1,0
15.675,12,7.5,0,-15.00692815,22,1,1,649,1040661,0,1,1,1,1
30,221.75,0,0,-38.75,22,2,2,619,1040676,0,0,0,1,0
93.5475,491.75,156.25,0.7725,23.25,18,1,1,266,1040828,0,1,0,1,0
454.1525,4577.5,1341,12.295,-1548.5,18,1,1,117,1040924,0,1,0,0,0
36.5125,146.5,0,0.96,18.5,16,1,1,475,1041119,0,0,1,1,0
97.55,1343,109,0,269,20,2,2,583,1041132,0,0,1,1,0
294.4,1734.25,776.75,0.0975,388.75,18,1,1,537,1041139,0,0,1,0,1
196.7775,1031.25,134.25,92.1425,1158.75,16,2,2,474,1041188,0,0,1,0,1
58.63411388,513.9735097,40.86313317,1.228694398,-15.00692815,22,2,2,619,1041571,1,0,0,1,1
64.625,856.5,45.25,7.0675,-272.5,19,5,1,473,1041721,0,1,0,0,1
115.6175,1182,43.25,17.1,-1018,19,1,1,577,1041742,0,0,1,1,0
411.8975,1272.5,0,330.215,518.5,19,1,1,577,1041747,0,0,1,0,0
62.1975,537,30.75,0,-11,17,1,1,531,1041759,0,1,1,1,0
170.76,2041.75,325.75,17.73,-298.75,15,1,1,469,1041782,0,0,1,1,1
61.4775,935,45,0,-935,19,2,2,575,1042034,0,0,1,1,1
141.3875,1594,249.75,1.0025,-1593,15,1,1,318,1042036,0,1,0,0,1
37.485,238.75,37.5,0,-236.75,19,3,2,574,1042079,0,0,1,1,0
23.75,38.75,13.75,0,-38.75,19,3,1,417,1042405,0,1,0,0,1
61.3375,530.5,88.25,0.15,-157.5,17,1,1,340,1042476,0,1,0,1,1
321.0075,1617.25,423.5,5.8625,-1324.25,21,1,1,296,1042702,0,1,0,0,1
96.6075,466.5,6,1.4575,-4.5,19,6,1,568,1042731,0,0,1,0,1
558.9325,3450.75,1723.25,0,628.25,15,1,1,331,1042739,0,0,0,1,0
243.12,1393,286.25,99,713,19,2,1,218,1042814,1,0,0,0,1
298.31,1893.25,854.5,0,26.75,17,2,1,27,1042932,0,1,0,0,0
221.845,1038.75,79,136.79,-506.75,19,1,1,566,1042942,0,0,1,0,1
57.635,329.75,28.5,10.7175,-57.75,15,1,1,458,1042950,0,0,1,1,0
29.99,179,0,0,26,19,1,1,566,1042979,0,0,1,1,1
72.1775,99.25,73.75,11.4475,297.75,17,1,1,447,1043030,0,1,0,0,1
363.1075,2366.75,681.75,0,1357.25,17,2,1,519,1043115,0,0,1,0,0
157.6675,1517.75,400.5,0,125.25,17,4,2,371,1043226,0,0,0,0,0
256.27,1414.25,251.25,96.3,1242.75,15,1,1,34,1043345,0,0,0,0,0
5,0,0,0,0,17,2,2,516,1043352,0,0,1,1,1
84.7325,320.5,138.75,0,-20.5,17,4,1,516,1043353,0,0,1,0,1
181.8775,653,201.75,74.8625,54,15,1,1,454,1043425,0,0,1,0,1
62.975,624.5,0,9.985,-624.5,21,2,1,622,1043448,0,0,1,1,1
5.75,0.75,0.75,0,-0.75,21,5,2,621,1043523,0,0,1,0,1
148.62,533.6666667,324,0,-15.00692815,17,1,1,514,1043524,0,0,1,1,0
422.4375,3411,1316.75,0.8,-170,17,3,2,101,1043617,0,0,0,0,0
56.5275,241.5,67.25,0,-14.5,21,4,2,619,1043740,0,0,1,1,0
306.2575,1635.75,840.75,0.515,860.25,15,1,1,288,1043817,0,0,0,0,0
232.775,1444.5,330,0.195,-160.5,17,3,2,398,1043868,0,1,0,0,0
34.38,234,0,0.39,-56,15,3,2,283,1043952,0,1,0,1,0
31.2975,160.25,0,0.0975,-8.25,21,1,1,369,1044120,0,1,0,1,0
142.95,1064.75,415.5,0,-1064.75,19,2,1,548,1044242,0,1,0,0,0
30.26,20,0,0,6,15,4,1,248,1044267,0,0,0,1,1
56.6275,483.25,0,0,-483.25,21,1,1,259,1044401,0,1,0,1,1
11.76,23.75,0,1.76,-21.75,19,5,3,550,1044531,0,1,1,0,1
82.905,808.25,157,0,94.75,21,1,1,611,1044646,0,0,1,1,1
30.26,180.25,0,0,38.75,15,1,1,326,1044683,0,0,0,1,0
24.93,453,0,0,-10,19,2,1,541,1044813,0,0,0,1,1
36.295,514,33.5,0,-514,21,1,1,609,1044818,0,0,1,1,1
31.49,171.5,0,0,-15.5,16,7,2,501,1044931,0,0,1,0,1
221.445,619,176,127.875,326,16,1,1,499,1045124,0,0,1,0,1
67.9875,362,1,6.0675,-116,14,3,1,418,1045614,0,1,0,0,1
68.8,245.25,0,0,-245.25,16,1,1,493,1045636,0,0,1,1,1
29.99,56.75,0,0,-5.75,18,1,1,538,1045757,0,0,1,1,1
67.7375,0,0,0,0,14,196,53,430,1045773,0,0,1,0,1
39.25,132,7.5,0.815,-105,18,1,1,537,1045827,0,0,1,1,1
40.015,247.5,0,0,-247.5,14,1,1,429,1045924,0,0,1,1,1
60.29,668.3333333,0,0,-15.00692815,20,2,2,596,1046207,0,1,1,1,1
255.7775,450.75,227.25,0.195,456.25,14,1,1,152,1046394,0,0,0,0,1
259.42,1528.5,540.75,0.16,-1179.5,18,1,1,205,1046680,1,1,0,1,1
182.35,664.25,404,0.96,-123.25,20,7,4,137,1046754,0,0,0,0,1
180.9775,946.75,63,81.285,-295.75,18,5,3,170,1046905,0,0,0,0,1
91.815,523.75,132.5,1.715,-10.75,18,6,4,513,1047007,0,1,0,0,1
39.98,104.5,25.25,0.32,12.5,18,3,2,526,1047089,0,0,1,1,0
57.2725,692.75,1.5,0,-34.75,16,2,1,356,1047157,0,0,0,1,1
89.475,422.25,169.25,0,-361.25,16,2,1,480,1047160,0,0,1,1,1
142.52,1293,255.5,0,-1293,16,1,1,276,1047171,0,1,0,0,1
41.275,615,0,0.1725,-147,14,7,2,417,1047204,0,0,1,0,0
52.97,702.5,0,0,-359.5,20,1,1,584,1047432,0,0,1,1,1
106.1125,301.25,52.5,21.37,-162.25,18,1,1,52,1047465,0,1,0,1,0
163.7975,456.5,0.25,103.5325,274.5,16,1,1,440,1047522,0,0,0,0,1
40.9125,203,78,0.47,-203,18,1,1,519,1047669,0,0,1,1,1
5,0,0,0,0,20,2,1,579,1047796,0,0,1,1,1
76.99,989,109.25,0,83,18,1,1,518,1047868,0,0,1,1,1
107.225,652,187.5,0,154,13,2,1,409,1047990,0,1,0,0,1
89.1175,143.75,13.5,0,-140.75,19,2,2,574,1048028,0,0,0,1,0
47.585,813.75,0,0,-567.75,13,1,1,394,1048058,0,1,0,1,1
46.7625,189.5,144.5,3.1375,-189.5,15,3,2,470,1048061,0,1,1,0,1
80.7025,529.25,160.25,0,-529.25,13,1,1,252,1048088,0,0,0,1,0
148.79,504.5,296,0,-391.5,15,4,2,469,1048211,0,0,1,0,0
71.76,154.5,60.25,0,5.5,17,3,2,513,1048385,0,1,1,1,1
40.70666667,227.6666667,0,1.726666667,-15.00692815,17,2,1,181,1048582,0,1,0,1,1
116.84,1099,126,0.835,-605,13,5,4,216,1048591,0,0,0,1,1
33.035,125.75,15.25,0,-101.75,15,4,3,464,1048671,0,0,1,1,1
303.105,1274.25,831.75,0.2575,67.75,15,2,2,464,1048719,0,1,1,0,1
152.64,469.25,290,5.4175,283.75,15,4,2,462,1049015,0,0,1,0,1
575.75,3328.5,1149.25,0,1134.5,15,3,1,373,1049040,0,0,0,0,1
50.8825,116.5,0,0.195,-17.5,13,6,2,398,1049143,0,0,1,0,1
5,0,0,0,0,19,3,2,476,1049437,0,1,0,1,1
303.0775,1579.25,1044.75,27.87,-424.25,13,5,5,395,1049544,0,0,1,0,0
25.9925,64,0,0,-64,17,1,1,502,1049668,0,0,1,1,1
19.99,3,0,0,-2,15,1,1,282,1049799,0,1,0,1,1
288.2125,1504.25,776.75,0,672.75,15,1,1,455,1049803,0,0,1,1,1
268.42,1102.5,689.25,10.32,-1069.5,13,1,1,341,1049909,0,0,0,0,1
55.8125,202.75,0,0,-186.75,13,1,1,389,1049938,0,0,0,1,1
33.24,146.5,0,0,-107.5,15,1,1,454,1049983,0,0,1,1,1
46.76,134,2.75,0,129,19,2,1,306,1050090,0,1,0,1,1
436.405,3246.75,507.75,138.1575,1102.25,15,2,1,185,1050093,0,0,0,0,1
52.0275,835,44.75,0,-475,17,1,1,283,1050142,0,1,0,1,1
211.62,219.75,204.25,0,659.25,13,1,1,388,1050429,0,0,1,0,1
98.7475,860.75,111.5,0,-819.75,15,2,1,239,1050430,0,0,0,1,1
89.83666667,449.3333333,140.3333333,9.033333333,-15.00692815,19,1,1,297,1050495,0,0,0,1,1
77.165,871.5,86.75,0.4525,436.5,13,1,1,276,1050503,0,1,0,1,0
22.4925,103.5,0,0,0.5,17,7,2,495,1050524,1,1,1,0,0
54.4475,176,7.75,0.905,-176,13,1,1,387,1050531,0,0,1,1,1
199,1931.25,480.25,0,679.75,19,1,1,368,1050573,1,1,0,1,1
320.84,1732.75,465.5,96.3025,309.25,13,1,1,132,1050579,0,0,0,0,0
73.55666667,394.3333333,106.6666667,0,-15.00692815,13,2,1,113,1050616,0,0,0,1,1
48.4625,372,43.5,0,86,19,1,1,554,1050730,0,1,1,1,0
14.13,43,0,0,19,19,2,2,552,1050960,0,0,1,1,1
78.4325,336.25,25.5,0,-118.25,19,4,2,352,1051077,0,1,0,1,1
449.9025,2228.25,1155,0.1725,-329.25,15,4,4,444,1051110,0,0,1,0,0
59.99,295.25,0,0,-48.25,15,1,1,443,1051211,1,1,1,1,1
294.2325,1862.75,839.75,2.085,130.25,18,2,1,503,1051677,0,0,0,0,1
370.06,3804,1100.5,13.53,678,14,1,1,109,1051792,0,1,0,0,1
72.5975,551.25,38.25,0,118.75,16,3,3,481,1052240,0,0,0,1,1
40.215,408.5,0,0,9.5,18,1,1,213,1052241,0,1,0,1,1
54.36,288.25,48,5.095,-151.25,14,1,1,66,1052295,0,1,0,1,1
40.47,58.5,23.5,0,-58.5,16,1,1,402,1052301,0,0,0,1,0
197.085,1678.5,503,0.39,-345.5,14,1,1,431,1052459,0,0,0,1,1
41.775,148.25,1.75,0,-90.25,18,1,1,330,1052520,0,1,0,1,0
89.6475,751.75,147.5,0,265.25,12,1,1,370,1052555,0,0,1,1,0
277.7125,1833.5,754.75,0,604.5,14,1,1,432,1052610,0,0,1,0,1
330.1175,2287.25,237,177.985,603.75,14,1,1,371,1052638,1,0,0,0,0
128.3825,460,279.5,0,442,12,4,2,369,1052691,0,0,1,0,0
111.2625,836,177,0.0975,-37,16,3,2,476,1052723,0,0,1,1,1
30.485,107.75,0,0,10.25,18,1,1,181,1052757,0,1,0,1,1
13,230.5,12,0,-80.5,18,4,2,536,1052826,0,1,1,0,1
78.36,435.5,105.25,0,451.5,16,1,1,475,1052868,0,0,1,1,1
33.95,55.5,0,0.71,-31.5,14,2,1,372,1052938,0,1,0,1,1
109.8425,545.25,209,0,-172.25,16,1,1,474,1052939,0,0,1,1,1
32.27,63.25,0,0,-36.25,12,1,1,366,1052967,0,0,1,1,1
218.79,1182,439.5,0,2049,16,2,1,127,1053168,0,0,0,1,1
360.33,4220.5,1095.25,11.28,199.5,14,1,1,146,1053185,1,1,0,0,0
37.265,288.5,6.5,0,-70.5,18,3,1,532,1053346,0,0,1,1,1
41.6925,373.5,0.25,4.375,-320.5,16,1,1,470,1053410,0,0,1,1,0
349.7725,990.75,790.75,13.195,171.25,12,1,1,362,1053417,0,0,1,0,1
7.5,10.75,0,0,-6.75,18,2,1,531,1053465,0,1,1,1,0
177.93,640.5,0,109.75,-16.5,12,2,2,360,1053630,0,0,1,0,1
42.2625,374.5,34.5,0,-158.5,14,1,1,241,1053646,0,1,0,1,1
148.015,1098.5,270.5,0.585,81.5,16,5,2,468,1053665,0,0,1,0,0
22.6675,512.25,39.75,0,137.75,18,4,2,524,1053781,0,1,0,0,1
258.365,1279.25,805.5,0,-806.25,16,2,2,463,1053818,0,1,0,0,0
75.305,26,0,0,-14,12,2,1,358,1053899,0,1,1,1,1
139.6666667,1040.666667,335,0,-15.00692815,18,2,1,385,1053998,0,0,0,1,1
50.49,444.25,5.5,0.2925,-88.25,12,2,1,356,1054179,0,0,1,1,1
51.64,344,0,0,-15.00692815,16,4,1,456,1054207,0,1,0,0,0
251.635,2020.25,84.75,171.59,276.75,16,2,1,98,1054270,1,0,0,0,0
286.695,2104.75,715.5,0.0625,74.25,12,3,2,355,1054303,0,0,1,0,0
19.095,323.25,6.25,6.04,260.75,12,8,2,353,1054577,0,0,1,0,1
115.2625,629,226.5,9.5725,-618,14,1,1,199,1054596,0,1,0,1,0
52.1225,660.25,27.75,0,-171.25,12,4,1,331,1054688,0,1,0,0,1
376.5825,2098.5,912.75,0,402.5,16,1,1,460,1054729,0,0,1,0,1
153.6875,590.25,15,94.7425,-353.25,16,1,1,459,1054761,0,0,1,0,1
90.4775,856.75,0,3.26,-189.75,14,3,1,173,1054862,0,0,0,1,1
24.5975,52.75,13.5,0,-28.75,16,1,1,458,1054919,0,0,1,1,0
9.5425,0,0,0,0,12,1,1,313,1054970,0,0,0,1,1
181.1825,605.75,416.25,0.0975,-605.75,18,1,1,334,1055000,0,1,0,1,0
48.13,265.25,47.75,1.6425,119.75,14,1,1,391,1055092,0,0,0,1,0
37.4025,511.75,1.75,0,-471.75,13,2,2,130,1055379,0,1,0,1,1
65.6925,105,53.5,0,170,11,1,1,345,1055487,1,0,0,1,1
59.5725,404.75,80.25,0,28.25,17,2,2,513,1055827,0,0,1,1,1
40.1375,327.75,33.25,0,-1.75,13,2,1,405,1055911,0,0,1,1,0
84.92,286.25,25.25,0.8,-107.25,15,1,1,451,1055979,0,0,1,1,1
160.425,941.75,0,0.1875,-27.75,17,8,4,257,1056039,0,1,0,1,1
76.09333333,589,135.3333333,0,-15.00692815,17,1,1,510,1056168,0,0,1,1,1
51.8675,278,111,0,-267,13,2,2,403,1056179,0,0,1,1,1
89.1275,147.25,51.75,2.1875,-68.25,15,1,1,449,1056204,0,0,1,1,1
30.545,179.25,0,0,-179.25,11,1,1,173,1056313,0,1,0,1,1
65.0825,391.75,26.75,0.4175,-289.75,15,2,1,448,1056335,0,0,1,1,1
34.5,125.25,0,0,-70.25,13,1,1,220,1056353,0,1,0,1,1
39.99333333,381.3333333,0,0,-15.00692815,17,2,1,509,1056433,0,0,1,1,1
56.1925,641,20,6.775,-85,17,3,3,194,1056461,0,1,0,1,1
42.38,384.5,0,0,-252.5,17,1,1,507,1056721,0,0,1,1,1
53.2525,476.25,4,1.455,78.75,17,1,1,226,1056850,0,1,0,1,1
15.3375,190.75,6.5,0,-42.75,13,4,2,390,1056894,0,1,0,0,0
109.5175,673,235.5,4.585,-673,11,1,1,336,1056917,0,0,1,1,1
172.025,970.25,400.75,0,1346.75,13,1,1,5,1056980,1,1,0,1,1
364.0275,2370.25,1103.75,0,151.75,11,2,2,320,1057056,0,0,0,0,0
37.74,67.75,0,0,-49.75,13,2,1,397,1057076,0,1,1,1,1
94.5025,1428.75,42.5,0,-1085.75,13,2,2,202,1057162,0,0,0,1,1
584.225,2894.75,1551.75,0.39,1510.25,11,2,2,9,1057378,0,0,0,0,0
107.865,360.25,0,62.82,-60.25,11,2,1,142,1057604,0,1,0,1,1
213.0225,1332.5,149,87.7075,432.5,11,2,2,331,1057690,0,0,1,0,1
126.28,641.5,220.75,1.4125,-125.5,13,5,2,391,1057955,1,1,0,0,0
186.17,1275,315,0,348,17,1,1,498,1058077,0,0,1,1,1
31.7975,72.75,0,0,73.25,15,2,2,437,1058098,0,0,1,1,1
71.505,17.25,0,0,-12.25,11,3,1,54,1058126,0,1,0,1,1
53.24,0,0,0,-15.00692815,13,1,1,390,1058286,0,0,1,1,1
425.87,3181.25,1240.75,0,1099.75,15,1,1,41,1058508,1,1,0,0,0
76.1875,666.5,117,0,-13.5,15,6,1,173,1058665,0,0,0,0,1
36.31333333,229.6666667,0,0,-15.00692815,17,1,1,357,1058817,0,0,0,1,1
131.315,1112.5,132.5,0,215.5,15,1,1,316,1059161,0,1,0,1,0
10,3.25,0,0,-3.25,13,2,1,386,1059202,0,0,1,1,1
376.3925,1544,364,0,447,11,2,2,234,1059444,0,0,0,0,1
30.86,146.25,0,0.87,38.75,17,2,1,492,1059446,0,0,1,1,0
102.2175,1383.75,0,0,-743.75,15,1,1,174,1059500,0,1,0,1,1
50.7325,243,0,0,-107,17,1,1,492,1059538,0,0,1,1,1
56.39,1021.75,16,0,-204.75,15,1,1,400,1059585,0,1,0,1,0
76.3725,401.25,34.5,14.4,-269.25,11,1,1,322,1059621,0,0,1,1,1
145.7425,776.5,66.5,76.735,553.5,11,1,1,322,1059760,0,0,1,0,1
212.5975,3015.5,392.75,35.12,-1124.5,17,3,1,490,1059816,1,0,1,1,1
74.19,290.5,109.5,0.0975,139.5,11,1,1,89,1060012,0,1,0,1,1
10,0,0,0,0,17,1,1,489,1060136,0,0,1,1,1
28.49,25.75,0,0,-5.75,13,5,1,381,1060405,0,1,1,0,1
45.57,7.75,0,0,-7.75,10,2,1,318,1060441,0,0,1,1,0
10,27,0,0,-27,15,6,3,426,1060478,0,1,0,0,1
36.485,405.25,0,0,-145.25,14,2,1,423,1060986,0,0,1,1,1
242.3425,1268.75,556.75,25.915,-1172.75,14,1,1,423,1061008,0,0,1,0,1
91.1,916.5,119,1.12,-685.5,12,1,1,376,1061080,0,0,1,1,1
228.9325,866.75,463.75,0,926.25,14,3,1,422,1061147,0,0,1,0,0
57.29,961.75,22.5,0,-73.75,12,1,1,167,1061149,0,1,0,1,0
143.6425,285,49.5,0,0,12,1,1,375,1061325,0,0,1,1,0
335.9675,3124.75,719.5,13.5575,288.25,10,3,3,97,1061386,0,0,0,1,1
155.21,1388.25,576.25,0,194.75,14,4,2,141,1061438,0,1,0,0,0
21.12,33.25,0,0,-33.25,10,4,1,312,1061442,0,1,1,0,1
34.99,48,0,0,-30,16,7,2,471,1061499,1,0,0,0,1
110.4525,560.25,365,5.225,-128.25,14,2,1,419,1061644,0,0,1,1,0
269.825,1367.5,645.5,11.335,29.5,12,1,1,372,1061728,0,0,1,0,1
35.4925,490,0,0,-478,16,1,1,479,1061858,0,0,1,1,0
34.35,627.75,21.75,0,-405.75,14,1,1,417,1061955,0,0,1,1,1
50.9825,499.25,0,0.4875,-244.25,16,1,1,478,1062020,0,0,1,1,1
442.97,1665.75,1045,43.5175,-776.75,16,2,1,478,1062036,0,0,1,0,1
29.99,28.5,0,0,-19.5,16,1,1,125,1062234,0,1,0,1,0
4.9275,0,0,0,0,10,1,1,294,1062431,0,0,0,1,1
31.5225,185.75,0,0,-77.75,10,1,1,306,1062518,0,1,1,1,1
86.2225,1127.25,148.5,0,446.75,14,4,2,100,1062551,0,0,0,1,1
23.13,171.75,0,0,-34.75,12,9,4,367,1062655,0,0,1,0,1
18.875,7,0,0,-7,16,1,1,442,1062699,0,1,0,1,1
29.99,144.25,0,0,-62.25,14,7,2,412,1062766,0,0,1,0,0
40.6,245,13.25,5.9725,-55,14,1,1,408,1063387,0,0,1,1,1
46,757.75,0,3.2075,-757.75,12,6,1,164,1063423,0,1,0,0,1
14.995,14.75,0,0,-14.75,14,1,1,408,1063440,0,0,1,1,1
73.81,498.5,12.75,0,-430.5,14,1,1,182,1063599,0,1,0,1,0
159.6925,721,294.25,13.1425,-683,12,3,1,360,1063747,0,0,1,0,1
47.39,256,61,0,-256,16,3,2,33,1063993,0,1,0,1,1
95.4875,462,2.25,1.3775,-172,16,1,1,-2,1064212,0,1,0,1,1
275.3875,1148,695,0,545,12,1,1,340,1064269,0,0,0,0,1
64.48,250,70,0,-15.00692815,14,2,1,403,1064307,0,0,1,1,1
61.7225,423.75,45,0,-118.75,16,2,2,464,1064505,0,0,1,1,1
34.99,33.5,0,0,-12.5,12,2,2,250,1064517,0,1,0,1,1
60.8625,467,164.25,0,115,10,4,2,294,1064594,0,1,1,0,1
24.34,253,0,1.05,-15.00692815,14,1,1,307,1064703,0,1,0,1,1
86.4825,1364.75,91.5,0,-1256.75,10,2,2,122,1064729,0,1,0,1,1
10.6,11.25,0,0,-11.25,12,2,1,355,1064819,0,1,1,1,1
49.73,847.75,0,0,-724.75,16,1,1,461,1065028,0,0,1,1,1
16.0375,234.75,35.5,0.16,-234.75,12,2,2,213,1065077,0,1,0,1,1
53.22,738.75,7,0,150.25,10,6,1,224,1065203,0,1,0,0,0
121.7175,949.5,144.25,0,660.5,10,5,1,288,1065213,0,1,0,0,1
29.99,462,0,0,12,14,1,1,397,1065476,0,1,1,1,1
104.72,971.25,202,0,316.75,12,3,2,351,1065478,0,0,1,1,1
85.48,486,67.5,0,-174,11,2,1,12,1065811,0,1,0,1,1
174.1266667,2590.666667,344.6666667,0,-15.00692815,15,2,1,455,1065966,0,0,1,1,1
30.7325,46.5,0,0,-9.5,13,4,1,360,1066161,0,1,0,0,1
93.5725,311,180.25,0,-203,11,6,2,347,1066232,0,0,1,0,1
21.215,17.5,1.5,0.64,4.5,15,1,1,454,1066237,0,1,1,1,1
45.255,257.25,0,0,-78.25,15,4,1,34,1066241,0,0,0,1,1
87.1825,959.75,0,0,68.25,11,4,1,9,1066295,0,1,0,1,1
21.355,17,3.5,0,8,11,6,2,344,1066552,0,0,1,0,0
101.095,765.5,246,0,-15.00692815,15,1,1,450,1066685,0,0,1,1,1
10.975,35.5,3.25,0,53.5,11,6,2,342,1066788,0,1,1,0,0
10,21.25,0,0,37.75,11,2,2,324,1067113,0,0,0,1,1
29.295,144.75,0,3.055,4.25,13,6,1,385,1067222,0,0,1,1,1
22.4925,83.25,0,0,-83.25,15,1,1,197,1067289,0,1,0,1,1
152.555,919.25,403,0,362.75,11,2,1,338,1067327,0,0,1,0,1
273.9975,1795.75,795.75,0,-320.75,11,1,1,338,1067358,0,0,1,0,1
296.2375,1925.25,692.5,18.5475,869.75,11,3,2,337,1067450,0,0,1,0,0
222.4125,1918.5,589.25,0,-1547.5,13,4,3,383,1067546,0,0,1,0,1
276.625,1684.75,903.75,0,-376.75,15,2,2,443,1067685,0,0,1,0,1
76.445,400,52.75,0,-228,9,6,2,273,1067758,0,0,1,0,1
22.4925,181,0,0,-161,15,1,1,276,1067895,0,1,0,1,0
81.6925,461.25,24.75,37.4875,-233.25,11,2,1,332,1068156,0,1,1,0,1
40.78,75.25,0,0,-75.25,11,2,1,79,1068337,0,1,0,1,1
339.2475,2304.25,938.75,0.0975,-2304.25,9,2,2,268,1068481,1,0,1,0,1
93.2325,474.5,94.5,0.585,-473.5,13,1,1,33,1068961,0,1,0,1,1
292.775,2752.75,848.75,0,1103.25,11,1,1,199,1069086,0,1,0,0,1
11.2175,4.25,0,1.1275,-4.25,9,2,2,255,1069095,0,1,0,1,1
413.105,1734.5,872.75,4.365,-1724.5,15,1,1,69,1069110,0,1,0,0,0
37.14,512,124.75,0,-176,11,3,2,324,1069417,0,0,1,1,0
478.935,2109.75,979.75,17.49,-2050.75,11,1,1,78,1069927,1,0,0,0,0
91.6925,1125,155,2.6275,202,12,2,1,100,1070225,1,1,0,1,0
23.96,38.25,19,0,-38.25,12,1,1,73,1070993,0,1,0,1,1
29.99,0,0,0,0,14,1,1,420,1071031,0,0,1,1,1
38.045,161.5,22.5,7.575,-142.5,8,1,1,249,1071391,0,0,1,1,1
463.2325,5409.75,1465,36.5675,-403.75,8,1,1,35,1071600,0,1,0,0,1
10.2475,38,0,0,-33,14,9,2,416,1071721,0,0,1,0,1
36.9625,146.5,0,7.11,-4.5,10,2,2,308,1071947,0,0,0,1,1
110.885,112.25,1,6.45,-4.25,8,1,1,60,1072110,0,1,0,1,1
60.005,463.25,85.75,0,-95.25,14,3,2,187,1072278,0,1,0,1,1
295.5233333,1081.666667,0,223.1633333,-15.00692815,14,1,1,412,1072344,0,0,1,1,1
83.9725,755.25,29.75,0,-369.25,8,1,1,240,1072994,0,1,1,1,0
208.23,912,70.66666667,117.27,-15.00692815,14,1,1,150,1073318,1,0,0,1,1
59.99,2.5,0,0,-15.00692815,14,2,1,404,1073773,0,0,1,1,1
47.085,396.5,11.5,0,82.5,10,2,1,296,1073807,0,0,1,1,1
14.8325,27,0,0,14,8,10,5,234,1073862,0,0,1,0,1
44.495,455,0,0,-365,14,1,1,403,1073932,0,0,1,1,1
222.815,2987.5,607.5,0,-2867.5,12,1,1,298,1074372,0,0,0,0,1
34.99,89.75,0,0,-89.75,14,3,1,307,1074426,0,0,0,1,1
33.56,272,29.5,0,294,14,2,1,320,1074613,0,1,0,1,1
70.85,1529,63.75,0.0975,-3,8,1,1,189,1074643,0,1,0,1,1
523.2025,4367,783.25,156.1975,1387,14,3,3,38,1074666,0,0,0,0,1
309.21,1825.25,641.5,4.3725,-1825.25,14,2,1,88,1074719,0,0,0,1,1
30.38,179.5,1,0,3.5,12,1,1,336,1074892,0,0,0,1,1
672.015,4773.5,1507.5,165.925,-1803.5,14,1,1,232,1075078,0,0,0,0,0
80.51,643.25,44.75,0,-99.25,10,1,1,284,1075279,0,0,0,1,0
45.8275,474.25,45.25,0,-152.25,10,3,1,290,1075302,0,0,1,1,0
10,0,0,0,0,14,1,1,335,1075429,0,1,0,1,1
39.99,18,0,0,-15.00692815,14,4,1,187,1075890,0,0,0,1,1
115.91,979.5,224,0.2925,279.5,14,1,1,140,1075904,0,1,0,1,1
34.99,616,0,0,-318,11,2,1,53,1076170,0,1,0,1,1
27.5475,64.5,1.75,3.465,37.5,7,2,2,224,1076317,0,1,1,1,1
861.105,951,0,850.8625,-924,7,1,1,224,1076359,0,0,1,0,1
93.0525,351.75,75.75,3.695,-334.75,13,2,2,208,1076577,0,0,0,1,1
286.92,3134.75,828.75,0,-1255.75,13,2,2,390,1076958,0,0,1,0,0
50.285,501.5,2.5,0,-344.5,13,2,2,148,1077228,0,1,0,1,1
10,462,0,0,52,11,13,5,320,1077453,0,0,0,0,1
170.8275,2022.5,319.25,0,-567.5,7,1,1,219,1077520,0,0,0,1,1
38.315,660.75,9.5,0,-68.75,11,2,1,326,1077765,0,0,1,1,1
286.715,2876,731,0,1496,13,1,1,308,1077766,0,0,0,0,1
120.7375,341,0,105.09,-341,11,1,1,326,1077776,0,0,1,0,1
60.9825,660.5,50,0,518.5,13,3,2,387,1077812,0,0,1,1,1
80.96,1281.333333,144.6666667,0.78,-15.00692815,13,2,1,277,1077921,0,1,0,1,1
56.2775,217.5,43.5,0,-157.5,11,1,1,325,1077940,0,0,1,1,1
49.5025,170.75,22.75,3.8025,-170.75,13,2,2,384,1078354,0,0,1,1,1
45,0,0,0,0,13,3,1,384,1078374,0,0,1,1,0
22.13333333,195,0.333333333,0.343333333,-15.00692815,13,5,4,384,1078375,0,0,1,1,1
35.0875,274.5,0.25,0,-84.5,9,3,1,277,1078445,0,0,1,1,0
40.1525,173.5,0,3.3675,-173.5,11,1,1,165,1078542,0,1,0,1,1
62.345,830.5,71.25,0,-742.5,13,1,1,383,1078607,0,0,1,1,1
173.9575,1531.25,399,0.1725,-1391.25,7,2,2,214,1078678,0,0,1,1,1
115.355,802.5,156.5,0,126.5,11,2,2,168,1078769,0,1,0,1,0
40.645,278.75,72.25,0,-278.75,11,1,1,113,1079189,0,1,0,1,1
116.7525,965,155.25,0,100,11,1,1,38,1079496,0,1,0,1,0
125.22,331,0,95.23,-331,11,2,2,318,1079646,0,0,1,0,1
75.7675,614.5,141.5,0,-435.5,13,4,3,379,1079804,0,0,1,1,1
327.2175,1608.5,596.75,62.525,-461.5,13,2,2,314,1080155,0,1,0,0,0
206.1325,844.5,142.5,116.005,123.5,9,1,1,152,1080201,0,0,0,0,0
396.3275,3075.5,530,49.5325,-2285.5,13,1,1,132,1080557,0,0,0,0,1
14.16,205.25,0,0.16,-67.25,11,2,2,306,1080796,0,1,0,1,0
17.4575,395.25,6,0,-381.25,13,4,2,376,1080851,0,0,1,1,0
126.6325,383.75,156,0.2925,-270.75,9,1,1,268,1081171,0,0,1,1,1
50.2875,553.25,25.5,0.0975,-2.25,13,3,1,374,1081462,0,0,1,1,0
119.9825,980.75,241,3.27,666.25,7,4,3,205,1081464,0,0,1,1,1
81.2325,286,8.25,42.2825,426,9,4,2,266,1082027,0,0,1,0,0
87.21666667,459,0,0,-15.00692815,13,1,1,173,1082082,0,1,0,1,1
122.51,618.5,153.25,0,-47.5,9,1,1,231,1082230,0,0,0,1,1
344.7375,2036,752,17.1,353,11,1,1,310,1082450,0,0,1,0,0
16.525,102.5,21.75,0,-8.5,13,11,5,370,1082832,0,0,1,0,1
25.595,380,21,0,-374,13,1,1,370,1083004,0,0,1,1,1
34.99,1322.25,0,0,-164.25,11,3,2,92,1083335,0,1,0,1,0
29.99,81,0,0,20,11,7,4,296,1083408,0,1,0,0,1
167.765,745.25,30.75,107.58,1407.75,7,2,2,199,1083769,0,0,1,0,1
209.86,1153.5,438,67.05,-1145.5,13,4,2,367,1083996,0,0,1,1,0
39.465,332.5,34,0,110.5,11,6,2,306,1084020,0,0,0,0,0
434.335,2650,1150,0,-320,7,1,1,198,1084279,0,0,1,0,0
43.49,327.75,0.75,0,-47.75,13,1,1,213,1084623,0,1,0,1,1
23.91,88.25,9,0,-56.25,13,1,1,136,1084697,0,1,0,1,1
177.025,1017.5,338.5,0,456.5,10,1,1,10,1084876,0,1,0,1,0
23.37,474.25,28.25,0,-474.25,12,6,2,295,1084902,0,1,0,0,1
479.005,2098.25,1073.5,0,1257.75,6,1,1,192,1085425,0,0,1,0,1
64.9525,1150.5,45.75,0,-115.5,12,1,1,347,1085667,0,1,0,1,1
18.99,246.6666667,0,0,-246.6666667,12,2,1,358,1085959,0,1,1,1,1
23.8575,286.25,32.75,0,-286.25,10,1,1,296,1086003,0,1,1,1,0
58.81,170.25,0,0,-79.25,6,2,2,64,1086146,0,1,0,1,1
26.2425,13,0,0,-13,12,1,1,356,1086210,0,0,1,1,1
503.905,6103.75,1912.5,23.0925,174.25,8,1,1,199,1086259,0,0,0,0,0
39.0875,219.5,0,0.0975,71.5,12,10,4,356,1086269,0,0,1,0,1
25.8225,681.75,22,0,-681.75,10,1,1,125,1086401,1,1,0,1,0
46.25,0.75,0,0,-0.75,12,1,1,354,1086668,0,0,1,1,0
90.7625,226,0,41.155,-222,12,1,1,353,1086953,0,0,1,1,1
162.92,997,125,0,-381,6,8,2,184,1086980,0,0,1,0,0
38.3625,49.75,0,0,-49.75,10,9,4,292,1086999,0,0,1,0,0
40.585,204.25,0,0,-198.25,8,3,1,245,1087043,0,0,1,1,1
125.39,842,192.75,3.4675,-842,12,1,1,352,1087112,0,0,1,1,1
45.84,183.5,1.5,0,94.5,12,2,1,351,1087289,0,0,1,1,1
64.465,344.75,68.25,0,-172.75,6,1,1,182,1087377,0,0,1,1,1
49.545,232.5,63.75,0,396.5,12,1,1,350,1087419,0,0,1,1,1
62.7375,1432.75,68.25,0,-1062.75,8,2,1,115,1087675,0,1,0,1,1
158.49,752.5,126.25,0,-279.5,10,1,1,282,1087994,0,0,1,1,1
124.7275,1364.75,190,4.7825,-240.75,10,2,2,35,1088079,0,1,0,1,1
240.9975,725.5,79.25,122.8625,-128.5,12,2,1,290,1088574,0,0,0,0,1
69.24,291.5,79.25,1.065,-119.5,12,1,1,106,1088580,0,1,0,1,1
237.61,1842.5,10.75,179.08,-571.5,10,1,1,276,1088587,0,0,1,0,0
238.7525,1468,450.75,42.2875,-1468,12,2,1,160,1088686,0,0,0,0,1
10,27,0,0,-22,9,9,4,273,1088813,0,0,0,0,1
449.755,2939,964,0,-368,9,2,1,178,1088917,1,1,0,0,0
109.6375,639.25,168.75,0,-148.25,11,2,2,132,1088995,0,1,0,1,1
167.7975,1031.25,178.75,0.745,-1024.25,11,1,1,126,1089168,0,0,0,1,1
166.5675,1906.75,465.25,0,-640.75,11,3,2,148,1089333,0,0,0,1,1
88.11,1358.75,230,0,-29.75,9,7,2,64,1089560,1,1,0,0,1
10,2.75,0,0,-2.75,7,2,1,220,1089593,0,0,1,1,1
34.19,414.5,12,0,-40.5,9,6,1,264,1089788,0,0,1,0,0
51.165,73.5,0,21.175,117.5,7,6,1,216,1089947,0,0,1,0,1
121.9625,1065.5,203.75,0,-465.5,11,1,1,322,1090143,0,0,1,1,1
158.9625,1378,190,0.4525,-39,7,2,1,153,1090721,0,0,0,1,1
157.8025,1533.25,269.5,0,1248.75,11,2,1,312,1090800,0,0,0,1,1
224.41,936.5,97.25,131.035,-223.5,11,2,2,307,1091664,0,0,1,0,0
225.9925,1384.5,440,0,91.5,11,4,2,37,1091855,0,1,0,0,0
193.78,768.5,0,143.79,-177.5,7,1,1,197,1092025,0,0,1,0,0
476.635,2208,1099.25,0,141,8,1,1,82,1092244,0,0,0,0,0
28.47,108,0,0,-93,10,3,1,287,1093375,0,0,1,1,1
111.8475,1312.75,395.75,0,-1312.75,7,3,2,120,1093397,1,1,0,0,1
69.6725,395,96.25,0,87,10,2,1,122,1093666,0,0,0,1,0
847.8175,1730.75,1073,0,5192.25,8,1,1,216,1093896,0,0,1,0,1
38.76,202.25,43.75,0,415.75,9,6,2,211,1094216,0,1,0,0,1
249.54,1413.75,0,148.3125,-309.75,9,1,1,268,1094370,0,0,1,0,1
216.775,851.5,442.25,4.0225,14.5,7,4,2,197,1094863,1,1,1,0,1
582.945,7667.75,3472.25,0,1193.25,7,3,2,174,1095473,0,0,0,0,0
214.715,1834.25,259.75,0.195,-551.25,8,6,4,54,1095741,0,1,0,1,1
55.72,634,0,1.4825,-625,13,6,3,234,1095860,0,1,1,0,1
56.7,879.25,0,0,-735.25,8,2,1,161,1095977,0,1,0,1,1
209.735,2198.5,0,0.2925,-2198.5,9,5,1,82,1095985,0,1,0,1,1
98.8775,1085.75,0,45.5725,-1049.75,8,2,1,132,1096412,0,0,0,1,1
457.21,3100.75,1012.75,0.4875,897.25,7,2,2,172,1096451,0,0,0,0,0
46.8675,375.5,91,0,-11.5,7,2,2,116,1096688,0,1,0,1,1
44.5775,373.5,26,0,100.5,29,1,1,405,1097688,0,1,0,1,1
58.63411388,513.9735097,40.86313317,1.228694398,-15.00692815,58,2,2,1764,1097725,0,0,1,0,1
6.825,28.75,19.5,0,2.25,60,1,1,1823,1097727,0,0,1,0,0
58.63411388,513.9735097,40.86313317,1.228694398,-15.00692815,58,1,1,1749,1097743,0,0,1,0,1
4.316666667,12.33333333,12.33333333,0,-15.00692815,60,1,1,1809,1097747,0,0,1,0,0
0.35,1,1,0,-15.00692815,56,1,1,1693,1097762,0,0,1,0,0
58.63411388,513.9735097,40.86313317,1.228694398,-15.00692815,59,1,1,1794,1097771,0,0,1,0,0
1.05,3,3,0,0,53,1,1,1579,1097774,0,0,0,0,0
6.8875,23,16.75,0,-18,55,1,1,1668,1097780,0,0,1,0,0
2.1875,6.75,6.25,0,-2.75,53,1,1,1621,1097785,0,0,1,0,0
8.6125,28.75,24.5,0,-14.75,53,2,2,1618,1097796,0,0,1,0,0
4.975,14,13.5,0,7,57,2,2,1724,1097810,0,0,1,0,0
58.63411388,513.9735097,40.86313317,1.228694398,-15.00692815,59,1,1,1779,1097845,0,0,1,0,1
0.7,2,2,0,-15.00692815,59,1,1,1778,1097851,0,0,1,0,0
0,1,0,0,0,55,1,1,1671,1097861,0,0,1,0,0
2.5375,7.25,7.25,0,-6.25,53,1,1,1608,1097862,0,0,1,0,1
3.625,9.5,3.5,0,5.5,55,1,1,1668,1097866,0,0,1,0,0
9.866666667,31.66666667,26.66666667,0,-15.66666667,55,3,1,1669,1097870,0,0,1,0,0
58.63411388,513.9735097,40.86313317,1.228694398,-15.00692815,55,1,1,1663,1097887,0,0,1,0,0
8.0425,30.375,22.875,0,-20.875,55,1,1,1672,1097892,0,0,1,0,0
7.116666667,22,20.33333333,0,-15.00692815,54,2,1,1638,1097898,0,0,1,0,1
19.05,24.75,21.5,0,-1.75,52,1,1,1588,1097902,0,0,1,0,1
30,6,0,0,-6,52,1,1,1570,1097908,0,0,1,0,0
21.5,24,3.75,0,14,48,3,1,1458,1097916,0,0,1,0,1
49.1625,232,38.25,0,-114,47,1,1,1434,1097934,0,0,1,1,1
318.1325,1952.5,942,0,-997.5,43,4,3,672,1098037,0,0,1,0,1
5.25,1.5,1.5,0,-0.5,45,1,1,1354,1098068,0,0,1,1,1
42.8875,52,0,0,31,48,1,1,1401,1098082,0,0,0,0,0
11.6825,399.5,0,0,-363.5,41,3,3,749,1098106,0,0,0,1,1
26.69,48,27.5,0,-4,41,1,1,1234,1098178,0,0,1,1,0
15.33,158.6666667,0,0,-15.00692815,41,1,1,1242,1098239,0,0,1,1,1
5,0,0,0,0,43,1,1,1301,1098252,0,0,1,1,1
434.1975,2326.75,800,0,-8.75,41,2,2,203,1098426,0,1,0,1,0
29.99,53,0,0,19,41,3,1,1219,1098490,0,0,1,0,1
46.6125,154.25,70.25,0,-154.25,38,4,1,1139,1098503,0,0,0,0,1
5,0,0,0,0,36,1,1,1091,1098537,0,0,1,1,1
31.525,176.25,0,0,33.75,39,1,1,1165,1098626,0,0,1,1,1
53.38333333,448,52.33333333,0,-15.00692815,39,1,1,961,1098631,1,0,0,1,1
140.61,479.6666667,274,0,50.33333333,32,1,1,982,1098666,0,0,1,0,1
131.9375,1483.75,81.25,0,-1411.75,36,1,1,396,1098712,0,1,0,1,1
51.25,189.25,0,0,47.75,34,1,1,459,1098735,0,1,0,1,1
58.0575,474.75,78.75,0,-55.75,35,2,1,1060,1098775,0,0,1,1,0
38.615,8.75,0,0,18.25,33,3,1,1007,1098826,0,0,1,0,1
75.94,762,117,0,-141,33,3,3,657,1098833,0,0,0,1,0
79.985,1070.5,79.25,0,-33.5,33,3,1,617,1098873,0,0,0,1,0
28,51.25,30.75,0,-24.25,35,1,1,1044,1098888,0,1,0,0,1
29.99,0,0,0,-15.00692815,36,1,1,1094,1098979,0,0,1,1,0
30,24.66666667,0,0,-15.00692815,32,1,1,983,1099005,0,0,1,1,1
66.59,161.3333333,145.6666667,0,174.6666667,29,1,1,880,1099181,0,0,0,0,1
234.3425,1056.5,566.75,0,290.5,33,2,1,971,1099365,0,0,1,0,0
34.65333333,150,0,0,-15.00692815,31,1,1,913,1099443,1,0,1,1,1
34.2175,193.25,2.75,0,-52.25,33,1,1,953,1099457,0,0,0,1,1
79.52,821,33.5,0,-44,31,1,1,466,1099625,0,1,0,1,1
58.63411388,513.9735097,40.86313317,1.228694398,-15.00692815,31,2,2,734,1099829,0,0,0,1,1
534.93,4719,2018,0,0,31,2,2,62,1099873,1,1,0,0,1
